品种,合约,合约月份,日期,收盘价
棕榈油,p2609,09,20260105,8376.0
棕榈油,p2609,09,20260106,8382.0
棕榈油,p2609,09,20260107,8452.0
棕榈油,p2609,09,20260108,8500.0
棕榈油,p2609,09,20260109,8570.0
棕榈油,p2609,09,20260112,8618.0
棕榈油,p2609,09,20260113,8678.0
棕榈油,p2609,09,20260114,8682.0
棕榈油,p2609,09,20260115,8564.0
棕榈油,p2609,09,20260116,8662.0
棕榈油,p2609,09,20260119,8622.0
棕榈油,p2609,09,20260120,8716.0
棕榈油,p2609,09,20260121,8794.0
棕榈油,p2609,09,20260122,8898.0
棕榈油,p2609,09,20260123,8872.0
棕榈油,p2609,09,20260126,9050.0
棕榈油,p2609,09,20260127,9164.0
棕榈油,p2609,09,20260128,9210.0
棕榈油,p2609,09,20260129,9294.0
棕榈油,p2609,09,20260130,9160.0
棕榈油,p2609,09,20260202,8958.0
棕榈油,p2609,09,20260203,9040.0
棕榈油,p2609,09,20260204,9086.0
棕榈油,p2609,09,20260205,9014.0
棕榈油,p2609,09,20260206,8998.0
棕榈油,p2609,09,20260209,8988.0
棕榈油,p2609,09,20260210,8912.0
棕榈油,p2609,09,20260211,8886.0
棕榈油,p2609,09,20260212,8768.0
棕榈油,p2609,09,20260213,8696.0
棕榈油,p2609,09,20260224,8814.0
棕榈油,p2609,09,20260225,8848.0
棕榈油,p2609,09,20260226,8738.0
棕榈油,p2609,09,20260227,8794.0
棕榈油,p2609,09,20260302,8920.0
棕榈油,p2609,09,20260303,9004.0
棕榈油,p2609,09,20260304,9024.0
棕榈油,p2609,09,20260305,9092.0
棕榈油,p2609,09,20260306,9198.0
棕榈油,p2609,09,20260309,9632.0
棕榈油,p2609,09,20260310,9426.0
棕榈油,p2609,09,20260311,9470.0
棕榈油,p2609,09,20260312,9602.0
棕榈油,p2609,09,20260313,9652.0
棕榈油,p2609,09,20260316,9858.0
棕榈油,p2609,09,20260317,9810.0
棕榈油,p2609,09,20260318,9608.0
棕榈油,p2609,09,20260319,9706.0
棕榈油,p2609,09,20260320,9658.0
棕榈油,p2609,09,20260323,9888.0
棕榈油,p2609,09,20260324,9622.0
棕榈油,p2609,09,20260325,9510.0
棕榈油,p2609,09,20260326,9610.0
棕榈油,p2609,09,20260327,9724.0
棕榈油,p2609,09,20260330,9900.0
棕榈油,p2609,09,20260331,9888.0
棕榈油,p2609,09,20260401,9824.0
棕榈油,p2609,09,20260402,10008.0
棕榈油,p2609,09,20260403,9988.0
棕榈油,p2609,09,20260407,9988.0
棕榈油,p2609,09,20260408,9568.0
棕榈油,p2609,09,20260409,9650.0
棕榈油,p2609,09,20260410,9621.0
棕榈油,p2609,09,20260413,9546.0
棕榈油,p2609,09,20260414,9433.0
棕榈油,p2609,09,20260415,9411.0
棕榈油,p2609,09,20260416,9402.0
棕榈油,p2609,09,20260417,9492.0
棕榈油,p2609,09,20260420,9486.0
棕榈油,p2609,09,20260421,9730.0
棕榈油,p2609,09,20260422,9822.0
棕榈油,p2609,09,20260423,9781.0
棕榈油,p2609,09,20260424,9778.0
棕榈油,p2609,09,20260427,9785.0
棕榈油,p2609,09,20260428,9759.0
棕榈油,p2609,09,20260429,9780.0
棕榈油,p2609,09,20260430,9821.0
棕榈油,p2609,09,20260506,9864.0
棕榈油,p2609,09,20260507,9752.0
棕榈油,p2609,09,20260508,9680.0
棕榈油,p2609,09,20260511,9682.0
棕榈油,p2609,09,20260512,9565.0
棕榈油,p2609,09,20260513,9492.0
棕榈油,p2609,09,20260514,9405.0
棕榈油,p2609,09,20260515,9420.0
棕榈油,p2609,09,20260518,9576.0
棕榈油,p2609,09,20260519,9672.0
棕榈油,p2609,09,20260520,9721.0
棕榈油,p2609,09,20260521,9518.0
棕榈油,p2609,09,20260522,9471.0
棕榈油,p2609,09,20260525,9464.0
棕榈油,p2609,09,20260526,9433.0
棕榈油,p2609,09,20260527,9517.0
棕榈油,p2609,09,20260528,9599.0
棕榈油,p2609,09,20260529,9592.0
棕榈油,p2609,09,20260601,9729.0
棕榈油,p2609,09,20260602,9726.0
棕榈油,p2609,09,20260603,9766.0
棕榈油,p2609,09,20260604,9574.0
棕榈油,p2609,09,20260605,9382.0
棕榈油,p2609,09,20260608,9424.0
棕榈油,p2609,09,20260609,9265.0
棕榈油,p2609,09,20260610,9316.0
棕榈油,p2609,09,20260611,9393.0
棕榈油,p2609,09,20260612,9321.0
棕榈油,p2609,09,20260615,9232.0
棕榈油,p2609,09,20260616,9357.0
棕榈油,p2609,09,20260617,9349.0
棕榈油,p2609,09,20260618,9301.0
棕榈油,p2609,09,20260622,9366.0
棕榈油,p2609,09,20260623,9308.0
棕榈油,p2609,09,20260624,9335.0
棕榈油,p2609,09,20260625,9160.0
棕榈油,p2609,09,20260626,9315.0
棕榈油,p2609,09,20260629,9379.0
棕榈油,p2609,09,20260630,9272.0
棕榈油,p2609,09,20260701,9268.0
棕榈油,p2609,09,20260702,9164.0
棕榈油,p2609,09,20260703,9104.0
棕榈油,p2609,09,20260706,9245.0
棕榈油,p2609,09,20260707,9340.0
棕榈油,p2609,09,20260708,9341.0
棕榈油,p2609,09,20260709,9354.0
棕榈油,p2609,09,20260710,9222.0
棕榈油,p2609,09,20260713,9212.0
棕榈油,p2609,09,20260714,9351.0
棕榈油,p2609,09,20260715,9279.0
棕榈油,p2609,09,20260716,9244.0
棕榈油,p2609,09,20260717,9232.0
棕榈油,p2609,09,20260720,9389.0
棕榈油,p2609,09,20260721,9240.0
棕榈油,p2609,09,20260722,9250.0
棕榈油,p2609,09,20260723,9515.0
棕榈油,p2609,09,20260724,9570.0
棕榈油,p2609,09,20260727,9380.0
棕榈油,p2609,09,20260728,9312.0
棕榈油,p2609,09,20260729,9385.0
棕榈油,p2609,09,20260730,9393.0
棕榈油,p2609,09,20260731,9281.0
棕榈油,p2609,09,20260803,9253.0
棕榈油,p2609,09,20260804,9299.0
棕榈油,p2609,09,20260805,9395.0
棕榈油,p2609,09,20260806,9385.0
棕榈油,p2609,09,20260807,9356.0
棕榈油,p2609,09,20260810,9406.0
棕榈油,p2609,09,20260811,9442.0
棕榈油,p2609,09,20260812,9378.0
棕榈油,p2609,09,20260813,9406.0
棕榈油,p2609,09,20260814,9499.0
棕榈油,p2609,09,20260817,9485.0
棕榈油,p2609,09,20260818,9535.0
棕榈油,p2609,09,20260819,9552.0
棕榈油,p2609,09,20260820,9733.0
棕榈油,p2609,09,20260821,9724.0
棕榈油,p2609,09,20260824,9711.0
棕榈油,p2609,09,20260825,9617.0
棕榈油,p2609,09,20260826,9552.0
棕榈油,p2609,09,20260827,9600.0
棕榈油,p2609,09,20260828,9665.0
棕榈油,p2609,09,20260831,9899.0
棕榈油,p2609,09,20260901,9823.0
棕榈油,p2609,09,20260902,9721.0
棕榈油,p2609,09,20260903,9697.0
棕榈油,p2611,11,20260724,9671.0
棕榈油,p2611,11,20260727,9507.0
棕榈油,p2611,11,20260728,9422.0
棕榈油,p2611,11,20260729,9491.0
棕榈油,p2611,11,20260730,9495.0
棕榈油,p2611,11,20260731,9383.0
棕榈油,p2611,11,20260803,9357.0
棕榈油,p2611,11,20260804,9404.0
棕榈油,p2611,11,20260805,9506.0
棕榈油,p2611,11,20260806,9501.0
棕榈油,p2611,11,20260807,9459.0
棕榈油,p2611,11,20260810,9511.0
棕榈油,p2611,11,20260811,9552.0
棕榈油,p2611,11,20260812,9476.0
棕榈油,p2611,11,20260813,9505.0
棕榈油,p2611,11,20260814,9591.0
棕榈油,p2611,11,20260817,9587.0
棕榈油,p2611,11,20260818,9668.0
棕榈油,p2611,11,20260819,9682.0
棕榈油,p2611,11,20260820,9865.0
棕榈油,p2611,11,20260821,9864.0
棕榈油,p2611,11,20260824,9830.0
棕榈油,p2611,11,20260825,9766.0
棕榈油,p2611,11,20260826,9697.0
棕榈油,p2611,11,20260827,9721.0
棕榈油,p2611,11,20260828,9830.0
棕榈油,p2611,11,20260831,9918.0
棕榈油,p2611,11,20260901,9947.0
棕榈油,p2611,11,20260902,9844.0
棕榈油,p2611,11,20260903,9878.0
棕榈油,p2701,01,20260119,8638.0
棕榈油,p2701,01,20260120,8652.0
棕榈油,p2701,01,20260121,8722.0
棕榈油,p2701,01,20260122,8844.0
棕榈油,p2701,01,20260123,8830.0
棕榈油,p2701,01,20260126,8946.0
棕榈油,p2701,01,20260127,9052.0
棕榈油,p2701,01,20260128,9078.0
棕榈油,p2701,01,20260129,9160.0
棕榈油,p2701,01,20260130,9048.0
棕榈油,p2701,01,20260202,8866.0
棕榈油,p2701,01,20260203,8960.0
棕榈油,p2701,01,20260204,8972.0
棕榈油,p2701,01,20260205,8952.0
棕榈油,p2701,01,20260206,8940.0
棕榈油,p2701,01,20260209,8916.0
棕榈油,p2701,01,20260210,8850.0
棕榈油,p2701,01,20260211,8840.0
棕榈油,p2701,01,20260212,8750.0
棕榈油,p2701,01,20260213,8658.0
棕榈油,p2701,01,20260224,8802.0
棕榈油,p2701,01,20260225,8850.0
棕榈油,p2701,01,20260226,8734.0
棕榈油,p2701,01,20260227,8780.0
棕榈油,p2701,01,20260302,8888.0
棕榈油,p2701,01,20260303,8972.0
棕榈油,p2701,01,20260304,8980.0
棕榈油,p2701,01,20260305,9052.0
棕榈油,p2701,01,20260306,9136.0
棕榈油,p2701,01,20260309,9546.0
棕榈油,p2701,01,20260310,9326.0
棕榈油,p2701,01,20260311,9350.0
棕榈油,p2701,01,20260312,9464.0
棕榈油,p2701,01,20260313,9498.0
棕榈油,p2701,01,20260316,9654.0
棕榈油,p2701,01,20260317,9582.0
棕榈油,p2701,01,20260318,9476.0
棕榈油,p2701,01,20260319,9470.0
棕榈油,p2701,01,20260320,9450.0
棕榈油,p2701,01,20260323,9652.0
棕榈油,p2701,01,20260324,9492.0
棕榈油,p2701,01,20260325,9400.0
棕榈油,p2701,01,20260326,9496.0
棕榈油,p2701,01,20260327,9568.0
棕榈油,p2701,01,20260330,9592.0
棕榈油,p2701,01,20260331,9710.0
棕榈油,p2701,01,20260401,9566.0
棕榈油,p2701,01,20260402,9758.0
棕榈油,p2701,01,20260403,9762.0
棕榈油,p2701,01,20260407,9748.0
棕榈油,p2701,01,20260408,9348.0
棕榈油,p2701,01,20260409,9446.0
棕榈油,p2701,01,20260410,9436.0
棕榈油,p2701,01,20260413,9381.0
棕榈油,p2701,01,20260414,9302.0
棕榈油,p2701,01,20260415,9279.0
棕榈油,p2701,01,20260416,9295.0
棕榈油,p2701,01,20260417,9360.0
棕榈油,p2701,01,20260420,9389.0
棕榈油,p2701,01,20260421,9621.0
棕榈油,p2701,01,20260422,9733.0
棕榈油,p2701,01,20260423,9747.0
棕榈油,p2701,01,20260424,9771.0
棕榈油,p2701,01,20260427,9791.0
棕榈油,p2701,01,20260428,9788.0
棕榈油,p2701,01,20260429,9784.0
棕榈油,p2701,01,20260430,9850.0
棕榈油,p2701,01,20260506,9911.0
棕榈油,p2701,01,20260507,9805.0
棕榈油,p2701,01,20260508,9751.0
棕榈油,p2701,01,20260511,9749.0
棕榈油,p2701,01,20260512,9649.0
棕榈油,p2701,01,20260513,9598.0
棕榈油,p2701,01,20260514,9524.0
棕榈油,p2701,01,20260515,9520.0
棕榈油,p2701,01,20260518,9685.0
棕榈油,p2701,01,20260519,9792.0
棕榈油,p2701,01,20260520,9822.0
棕榈油,p2701,01,20260521,9686.0
棕榈油,p2701,01,20260522,9651.0
棕榈油,p2701,01,20260525,9645.0
棕榈油,p2701,01,20260526,9627.0
棕榈油,p2701,01,20260527,9719.0
棕榈油,p2701,01,20260528,9791.0
棕榈油,p2701,01,20260529,9797.0
棕榈油,p2701,01,20260601,9960.0
棕榈油,p2701,01,20260602,9934.0
棕榈油,p2701,01,20260603,10014.0
棕榈油,p2701,01,20260604,9849.0
棕榈油,p2701,01,20260605,9686.0
棕榈油,p2701,01,20260608,9710.0
棕榈油,p2701,01,20260609,9557.0
棕榈油,p2701,01,20260610,9588.0
棕榈油,p2701,01,20260611,9670.0
棕榈油,p2701,01,20260612,9592.0
棕榈油,p2701,01,20260615,9499.0
棕榈油,p2701,01,20260616,9602.0
棕榈油,p2701,01,20260617,9622.0
棕榈油,p2701,01,20260618,9572.0
棕榈油,p2701,01,20260622,9631.0
棕榈油,p2701,01,20260623,9588.0
棕榈油,p2701,01,20260624,9611.0
棕榈油,p2701,01,20260625,9436.0
棕榈油,p2701,01,20260626,9565.0
棕榈油,p2701,01,20260629,9620.0
棕榈油,p2701,01,20260630,9530.0
棕榈油,p2701,01,20260701,9527.0
棕榈油,p2701,01,20260702,9443.0
棕榈油,p2701,01,20260703,9387.0
棕榈油,p2701,01,20260706,9518.0
棕榈油,p2701,01,20260707,9605.0
棕榈油,p2701,01,20260708,9614.0
棕榈油,p2701,01,20260709,9630.0
棕榈油,p2701,01,20260710,9516.0
棕榈油,p2701,01,20260713,9509.0
棕榈油,p2701,01,20260714,9638.0
棕榈油,p2701,01,20260715,9573.0
棕榈油,p2701,01,20260716,9540.0
棕榈油,p2701,01,20260717,9530.0
棕榈油,p2701,01,20260720,9670.0
棕榈油,p2701,01,20260721,9538.0
棕榈油,p2701,01,20260722,9543.0
棕榈油,p2701,01,20260723,9795.0
棕榈油,p2701,01,20260724,9843.0
棕榈油,p2701,01,20260727,9675.0
棕榈油,p2701,01,20260728,9600.0
棕榈油,p2701,01,20260729,9664.0
棕榈油,p2701,01,20260730,9660.0
棕榈油,p2701,01,20260731,9567.0
棕榈油,p2701,01,20260803,9542.0
棕榈油,p2701,01,20260804,9594.0
棕榈油,p2701,01,20260805,9690.0
棕榈油,p2701,01,20260806,9688.0
棕榈油,p2701,01,20260807,9662.0
棕榈油,p2701,01,20260810,9710.0
棕榈油,p2701,01,20260811,9744.0
棕榈油,p2701,01,20260812,9691.0
棕榈油,p2701,01,20260813,9735.0
棕榈油,p2701,01,20260814,9838.0
棕榈油,p2701,01,20260817,9838.0
棕榈油,p2701,01,20260818,9946.0
棕榈油,p2701,01,20260819,9994.0
棕榈油,p2701,01,20260820,10160.0
棕榈油,p2701,01,20260821,10160.0
棕榈油,p2701,01,20260824,10145.0
棕榈油,p2701,01,20260825,10079.0
棕榈油,p2701,01,20260826,10002.0
棕榈油,p2701,01,20260827,10045.0
棕榈油,p2701,01,20260828,10171.0
棕榈油,p2701,01,20260831,10283.0
棕榈油,p2701,01,20260901,10297.0
棕榈油,p2701,01,20260902,10186.0
棕榈油,p2701,01,20260903,10217.0
棕榈油,p2703,03,20260804,9668.0
棕榈油,p2703,03,20260805,9767.0
棕榈油,p2703,03,20260806,9764.0
棕榈油,p2703,03,20260807,9748.0
棕榈油,p2703,03,20260810,9789.0
棕榈油,p2703,03,20260811,9830.0
棕榈油,p2703,03,20260812,9798.0
棕榈油,p2703,03,20260813,9863.0
棕榈油,p2703,03,20260814,9975.0
棕榈油,p2703,03,20260817,9999.0
棕榈油,p2703,03,20260818,10129.0
棕榈油,p2703,03,20260819,10176.0
棕榈油,p2703,03,20260820,10331.0
棕榈油,p2703,03,20260821,10325.0
棕榈油,p2703,03,20260824,10340.0
棕榈油,p2703,03,20260825,10265.0
棕榈油,p2703,03,20260826,10198.0
棕榈油,p2703,03,20260827,10265.0
棕榈油,p2703,03,20260828,10408.0
棕榈油,p2703,03,20260831,10536.0
棕榈油,p2703,03,20260901,10563.0
棕榈油,p2703,03,20260902,10483.0
棕榈油,p2703,03,20260903,10515.0
棕榈油,p2705,05,20260520,9775.0
棕榈油,p2705,05,20260521,9598.0
棕榈油,p2705,05,20260522,9611.0
棕榈油,p2705,05,20260525,9590.0
棕榈油,p2705,05,20260526,9584.0
棕榈油,p2705,05,20260527,9645.0
棕榈油,p2705,05,20260528,9700.0
棕榈油,p2705,05,20260529,9708.0
棕榈油,p2705,05,20260601,9895.0
棕榈油,p2705,05,20260602,9892.0
棕榈油,p2705,05,20260603,9972.0
棕榈油,p2705,05,20260604,9816.0
棕榈油,p2705,05,20260605,9678.0
棕榈油,p2705,05,20260608,9711.0
棕榈油,p2705,05,20260609,9610.0
棕榈油,p2705,05,20260610,9628.0
棕榈油,p2705,05,20260611,9703.0
棕榈油,p2705,05,20260612,9622.0
棕榈油,p2705,05,20260615,9519.0
棕榈油,p2705,05,20260616,9621.0
棕榈油,p2705,05,20260617,9641.0
棕榈油,p2705,05,20260618,9597.0
棕榈油,p2705,05,20260622,9633.0
棕榈油,p2705,05,20260623,9580.0
棕榈油,p2705,05,20260624,9606.0
棕榈油,p2705,05,20260625,9440.0
棕榈油,p2705,05,20260626,9544.0
棕榈油,p2705,05,20260629,9596.0
棕榈油,p2705,05,20260630,9521.0
棕榈油,p2705,05,20260701,9518.0
棕榈油,p2705,05,20260702,9442.0
棕榈油,p2705,05,20260703,9394.0
棕榈油,p2705,05,20260706,9498.0
棕榈油,p2705,05,20260707,9580.0
棕榈油,p2705,05,20260708,9605.0
棕榈油,p2705,05,20260709,9613.0
棕榈油,p2705,05,20260710,9512.0
棕榈油,p2705,05,20260713,9538.0
棕榈油,p2705,05,20260714,9654.0
棕榈油,p2705,05,20260715,9610.0
棕榈油,p2705,05,20260716,9592.0
棕榈油,p2705,05,20260717,9568.0
棕榈油,p2705,05,20260720,9697.0
棕榈油,p2705,05,20260721,9572.0
棕榈油,p2705,05,20260722,9587.0
棕榈油,p2705,05,20260723,9815.0
棕榈油,p2705,05,20260724,9865.0
棕榈油,p2705,05,20260727,9704.0
棕榈油,p2705,05,20260728,9640.0
棕榈油,p2705,05,20260729,9701.0
棕榈油,p2705,05,20260730,9692.0
棕榈油,p2705,05,20260731,9606.0
棕榈油,p2705,05,20260803,9603.0
棕榈油,p2705,05,20260804,9687.0
棕榈油,p2705,05,20260805,9781.0
棕榈油,p2705,05,20260806,9786.0
棕榈油,p2705,05,20260807,9787.0
棕榈油,p2705,05,20260810,9842.0
棕榈油,p2705,05,20260811,9880.0
棕榈油,p2705,05,20260812,9878.0
棕榈油,p2705,05,20260813,9938.0
棕榈油,p2705,05,20260814,10015.0
棕榈油,p2705,05,20260817,10058.0
棕榈油,p2705,05,20260818,10158.0
棕榈油,p2705,05,20260819,10228.0
棕榈油,p2705,05,20260820,10379.0
棕榈油,p2705,05,20260821,10366.0
棕榈油,p2705,05,20260824,10391.0
棕榈油,p2705,05,20260825,10309.0
棕榈油,p2705,05,20260826,10250.0
棕榈油,p2705,05,20260827,10340.0
棕榈油,p2705,05,20260828,10505.0
棕榈油,p2705,05,20260831,10636.0
棕榈油,p2705,05,20260901,10677.0
棕榈油,p2705,05,20260902,10582.0
棕榈油,p2705,05,20260903,10623.0
菜油,OI2609,09,20260105,9009.0
菜油,OI2609,09,20260106,9078.0
菜油,OI2609,09,20260107,9081.0
菜油,OI2609,09,20260108,8943.0
菜油,OI2609,09,20260109,9021.0
菜油,OI2609,09,20260112,8962.0
菜油,OI2609,09,20260113,8986.0
菜油,OI2609,09,20260114,8930.0
菜油,OI2609,09,20260115,8814.0
菜油,OI2609,09,20260116,9010.0
菜油,OI2609,09,20260119,8923.0
菜油,OI2609,09,20260120,8975.0
菜油,OI2609,09,20260121,8938.0
菜油,OI2609,09,20260122,8973.0
菜油,OI2609,09,20260123,8963.0
菜油,OI2609,09,20260126,9255.0
菜油,OI2609,09,20260127,9265.0
菜油,OI2609,09,20260128,9271.0
菜油,OI2609,09,20260129,9377.0
菜油,OI2609,09,20260130,9287.0
菜油,OI2609,09,20260202,9064.0
菜油,OI2609,09,20260203,9135.0
菜油,OI2609,09,20260204,9178.0
菜油,OI2609,09,20260205,9086.0
菜油,OI2609,09,20260206,9090.0
菜油,OI2609,09,20260209,9103.0
菜油,OI2609,09,20260210,9075.0
菜油,OI2609,09,20260211,9103.0
菜油,OI2609,09,20260212,9024.0
菜油,OI2609,09,20260213,9010.0
菜油,OI2609,09,20260224,9171.0
菜油,OI2609,09,20260225,9225.0
菜油,OI2609,09,20260226,9164.0
菜油,OI2609,09,20260227,9179.0
菜油,OI2609,09,20260302,9330.0
菜油,OI2609,09,20260303,9410.0
菜油,OI2609,09,20260304,9401.0
菜油,OI2609,09,20260305,9415.0
菜油,OI2609,09,20260306,9561.0
菜油,OI2609,09,20260309,9832.0
菜油,OI2609,09,20260310,9620.0
菜油,OI2609,09,20260311,9661.0
菜油,OI2609,09,20260312,9667.0
菜油,OI2609,09,20260313,9703.0
菜油,OI2609,09,20260316,9829.0
菜油,OI2609,09,20260317,9699.0
菜油,OI2609,09,20260318,9639.0
菜油,OI2609,09,20260319,9708.0
菜油,OI2609,09,20260320,9743.0
菜油,OI2609,09,20260323,9831.0
菜油,OI2609,09,20260324,9705.0
菜油,OI2609,09,20260325,9619.0
菜油,OI2609,09,20260326,9738.0
菜油,OI2609,09,20260327,9780.0
菜油,OI2609,09,20260330,9793.0
菜油,OI2609,09,20260331,9791.0
菜油,OI2609,09,20260401,9643.0
菜油,OI2609,09,20260402,9750.0
菜油,OI2609,09,20260403,9693.0
菜油,OI2609,09,20260407,9709.0
菜油,OI2609,09,20260408,9409.0
菜油,OI2609,09,20260409,9425.0
菜油,OI2609,09,20260410,9440.0
菜油,OI2609,09,20260413,9415.0
菜油,OI2609,09,20260414,9414.0
菜油,OI2609,09,20260415,9414.0
菜油,OI2609,09,20260416,9403.0
菜油,OI2609,09,20260417,9460.0
菜油,OI2609,09,20260420,9514.0
菜油,OI2609,09,20260421,9581.0
菜油,OI2609,09,20260422,9662.0
菜油,OI2609,09,20260423,9648.0
菜油,OI2609,09,20260424,9697.0
菜油,OI2609,09,20260427,9715.0
菜油,OI2609,09,20260428,9780.0
菜油,OI2609,09,20260429,9900.0
菜油,OI2609,09,20260430,9913.0
菜油,OI2609,09,20260506,9935.0
菜油,OI2609,09,20260507,9882.0
菜油,OI2609,09,20260508,9755.0
菜油,OI2609,09,20260511,9757.0
菜油,OI2609,09,20260512,9694.0
菜油,OI2609,09,20260513,9665.0
菜油,OI2609,09,20260514,9681.0
菜油,OI2609,09,20260515,9537.0
菜油,OI2609,09,20260518,9577.0
菜油,OI2609,09,20260519,9789.0
菜油,OI2609,09,20260520,9864.0
菜油,OI2609,09,20260521,9726.0
菜油,OI2609,09,20260522,9625.0
菜油,OI2609,09,20260525,9625.0
菜油,OI2609,09,20260526,9626.0
菜油,OI2609,09,20260527,9672.0
菜油,OI2609,09,20260528,9886.0
菜油,OI2609,09,20260529,9906.0
菜油,OI2609,09,20260601,9933.0
菜油,OI2609,09,20260602,9990.0
菜油,OI2609,09,20260603,10353.0
菜油,OI2609,09,20260604,10312.0
菜油,OI2609,09,20260605,9990.0
菜油,OI2609,09,20260608,10011.0
菜油,OI2609,09,20260609,9910.0
菜油,OI2609,09,20260610,9883.0
菜油,OI2609,09,20260611,9958.0
菜油,OI2609,09,20260612,9874.0
菜油,OI2609,09,20260615,9828.0
菜油,OI2609,09,20260616,9869.0
菜油,OI2609,09,20260617,9790.0
菜油,OI2609,09,20260618,9685.0
菜油,OI2609,09,20260622,9669.0
菜油,OI2609,09,20260623,9659.0
菜油,OI2609,09,20260624,9750.0
菜油,OI2609,09,20260625,9547.0
菜油,OI2609,09,20260626,9660.0
菜油,OI2609,09,20260629,9746.0
菜油,OI2609,09,20260630,9670.0
菜油,OI2609,09,20260701,9588.0
菜油,OI2609,09,20260702,9571.0
菜油,OI2609,09,20260703,9644.0
菜油,OI2609,09,20260706,9741.0
菜油,OI2609,09,20260707,9858.0
菜油,OI2609,09,20260708,9844.0
菜油,OI2609,09,20260709,9902.0
菜油,OI2609,09,20260710,9908.0
菜油,OI2609,09,20260713,9875.0
菜油,OI2609,09,20260714,9944.0
菜油,OI2609,09,20260715,9936.0
菜油,OI2609,09,20260716,10037.0
菜油,OI2609,09,20260717,9936.0
菜油,OI2609,09,20260720,10050.0
菜油,OI2609,09,20260721,10037.0
菜油,OI2609,09,20260722,9949.0
菜油,OI2609,09,20260723,10175.0
菜油,OI2609,09,20260724,10281.0
菜油,OI2609,09,20260727,9991.0
菜油,OI2609,09,20260728,9892.0
菜油,OI2609,09,20260729,9922.0
菜油,OI2609,09,20260730,9893.0
菜油,OI2609,09,20260731,9894.0
菜油,OI2609,09,20260803,9891.0
菜油,OI2609,09,20260804,10086.0
菜油,OI2609,09,20260805,10081.0
菜油,OI2609,09,20260806,10151.0
菜油,OI2609,09,20260807,10144.0
菜油,OI2609,09,20260810,10114.0
菜油,OI2609,09,20260811,10164.0
菜油,OI2609,09,20260812,10128.0
菜油,OI2609,09,20260813,10223.0
菜油,OI2609,09,20260814,10510.0
菜油,OI2609,09,20260817,10532.0
菜油,OI2609,09,20260818,10504.0
菜油,OI2609,09,20260819,10615.0
菜油,OI2609,09,20260820,10756.0
菜油,OI2609,09,20260821,10552.0
菜油,OI2609,09,20260824,10461.0
菜油,OI2609,09,20260825,10360.0
菜油,OI2609,09,20260826,10342.0
菜油,OI2609,09,20260827,10320.0
菜油,OI2609,09,20260828,10310.0
菜油,OI2609,09,20260831,10468.0
菜油,OI2609,09,20260901,10490.0
菜油,OI2609,09,20260902,10400.0
菜油,OI2609,09,20260903,10376.0
菜油,OI2611,11,20260724,10276.0
菜油,OI2611,11,20260727,9990.0
菜油,OI2611,11,20260728,9899.0
菜油,OI2611,11,20260729,9935.0
菜油,OI2611,11,20260730,9915.0
菜油,OI2611,11,20260731,9908.0
菜油,OI2611,11,20260803,9893.0
菜油,OI2611,11,20260804,10052.0
菜油,OI2611,11,20260805,10033.0
菜油,OI2611,11,20260806,10050.0
菜油,OI2611,11,20260807,10046.0
菜油,OI2611,11,20260810,10071.0
菜油,OI2611,11,20260811,10126.0
菜油,OI2611,11,20260812,10103.0
菜油,OI2611,11,20260813,10187.0
菜油,OI2611,11,20260814,10431.0
菜油,OI2611,11,20260817,10428.0
菜油,OI2611,11,20260818,10417.0
菜油,OI2611,11,20260819,10568.0
菜油,OI2611,11,20260820,10682.0
菜油,OI2611,11,20260821,10490.0
菜油,OI2611,11,20260824,10412.0
菜油,OI2611,11,20260825,10281.0
菜油,OI2611,11,20260826,10291.0
菜油,OI2611,11,20260827,10297.0
菜油,OI2611,11,20260828,10333.0
菜油,OI2611,11,20260831,10377.0
菜油,OI2611,11,20260901,10389.0
菜油,OI2611,11,20260902,10311.0
菜油,OI2611,11,20260903,10284.0
菜油,OI2701,01,20260119,8851.0
菜油,OI2701,01,20260120,8889.0
菜油,OI2701,01,20260121,8904.0
菜油,OI2701,01,20260122,8928.0
菜油,OI2701,01,20260123,8938.0
菜油,OI2701,01,20260126,9222.0
菜油,OI2701,01,20260127,9188.0
菜油,OI2701,01,20260128,9181.0
菜油,OI2701,01,20260129,9255.0
菜油,OI2701,01,20260130,9203.0
菜油,OI2701,01,20260202,8959.0
菜油,OI2701,01,20260203,9060.0
菜油,OI2701,01,20260204,9102.0
菜油,OI2701,01,20260205,9059.0
菜油,OI2701,01,20260206,9040.0
菜油,OI2701,01,20260209,9045.0
菜油,OI2701,01,20260210,9025.0
菜油,OI2701,01,20260211,9050.0
菜油,OI2701,01,20260212,8993.0
菜油,OI2701,01,20260213,8954.0
菜油,OI2701,01,20260224,9130.0
菜油,OI2701,01,20260225,9173.0
菜油,OI2701,01,20260226,9119.0
菜油,OI2701,01,20260227,9132.0
菜油,OI2701,01,20260302,9280.0
菜油,OI2701,01,20260303,9357.0
菜油,OI2701,01,20260304,9364.0
菜油,OI2701,01,20260305,9379.0
菜油,OI2701,01,20260306,9522.0
菜油,OI2701,01,20260309,9793.0
菜油,OI2701,01,20260310,9574.0
菜油,OI2701,01,20260311,9609.0
菜油,OI2701,01,20260312,9625.0
菜油,OI2701,01,20260313,9606.0
菜油,OI2701,01,20260316,9744.0
菜油,OI2701,01,20260317,9611.0
菜油,OI2701,01,20260318,9550.0
菜油,OI2701,01,20260319,9599.0
菜油,OI2701,01,20260320,9631.0
菜油,OI2701,01,20260323,9749.0
菜油,OI2701,01,20260324,9645.0
菜油,OI2701,01,20260325,9567.0
菜油,OI2701,01,20260326,9669.0
菜油,OI2701,01,20260327,9718.0
菜油,OI2701,01,20260330,9739.0
菜油,OI2701,01,20260331,9718.0
菜油,OI2701,01,20260401,9583.0
菜油,OI2701,01,20260402,9691.0
菜油,OI2701,01,20260403,9656.0
菜油,OI2701,01,20260407,9677.0
菜油,OI2701,01,20260408,9393.0
菜油,OI2701,01,20260409,9420.0
菜油,OI2701,01,20260410,9441.0
菜油,OI2701,01,20260413,9410.0
菜油,OI2701,01,20260414,9406.0
菜油,OI2701,01,20260415,9404.0
菜油,OI2701,01,20260416,9387.0
菜油,OI2701,01,20260417,9434.0
菜油,OI2701,01,20260420,9493.0
菜油,OI2701,01,20260421,9559.0
菜油,OI2701,01,20260422,9645.0
菜油,OI2701,01,20260423,9629.0
菜油,OI2701,01,20260424,9685.0
菜油,OI2701,01,20260427,9696.0
菜油,OI2701,01,20260428,9757.0
菜油,OI2701,01,20260429,9878.0
菜油,OI2701,01,20260430,9900.0
菜油,OI2701,01,20260506,9916.0
菜油,OI2701,01,20260507,9862.0
菜油,OI2701,01,20260508,9746.0
菜油,OI2701,01,20260511,9766.0
菜油,OI2701,01,20260512,9700.0
菜油,OI2701,01,20260513,9681.0
菜油,OI2701,01,20260514,9661.0
菜油,OI2701,01,20260515,9528.0
菜油,OI2701,01,20260518,9565.0
菜油,OI2701,01,20260519,9767.0
菜油,OI2701,01,20260520,9859.0
菜油,OI2701,01,20260521,9726.0
菜油,OI2701,01,20260522,9630.0
菜油,OI2701,01,20260525,9632.0
菜油,OI2701,01,20260526,9630.0
菜油,OI2701,01,20260527,9671.0
菜油,OI2701,01,20260528,9826.0
菜油,OI2701,01,20260529,9867.0
菜油,OI2701,01,20260601,9897.0
菜油,OI2701,01,20260602,9957.0
菜油,OI2701,01,20260603,10277.0
菜油,OI2701,01,20260604,10258.0
菜油,OI2701,01,20260605,9948.0
菜油,OI2701,01,20260608,9976.0
菜油,OI2701,01,20260609,9877.0
菜油,OI2701,01,20260610,9844.0
菜油,OI2701,01,20260611,9922.0
菜油,OI2701,01,20260612,9842.0
菜油,OI2701,01,20260615,9799.0
菜油,OI2701,01,20260616,9825.0
菜油,OI2701,01,20260617,9758.0
菜油,OI2701,01,20260618,9648.0
菜油,OI2701,01,20260622,9631.0
菜油,OI2701,01,20260623,9619.0
菜油,OI2701,01,20260624,9700.0
菜油,OI2701,01,20260625,9512.0
菜油,OI2701,01,20260626,9609.0
菜油,OI2701,01,20260629,9682.0
菜油,OI2701,01,20260630,9615.0
菜油,OI2701,01,20260701,9527.0
菜油,OI2701,01,20260702,9506.0
菜油,OI2701,01,20260703,9558.0
菜油,OI2701,01,20260706,9646.0
菜油,OI2701,01,20260707,9742.0
菜油,OI2701,01,20260708,9744.0
菜油,OI2701,01,20260709,9789.0
菜油,OI2701,01,20260710,9792.0
菜油,OI2701,01,20260713,9770.0
菜油,OI2701,01,20260714,9833.0
菜油,OI2701,01,20260715,9839.0
菜油,OI2701,01,20260716,9930.0
菜油,OI2701,01,20260717,9839.0
菜油,OI2701,01,20260720,9948.0
菜油,OI2701,01,20260721,9945.0
菜油,OI2701,01,20260722,9872.0
菜油,OI2701,01,20260723,10087.0
菜油,OI2701,01,20260724,10192.0
菜油,OI2701,01,20260727,9919.0
菜油,OI2701,01,20260728,9809.0
菜油,OI2701,01,20260729,9827.0
菜油,OI2701,01,20260730,9779.0
菜油,OI2701,01,20260731,9779.0
菜油,OI2701,01,20260803,9732.0
菜油,OI2701,01,20260804,9864.0
菜油,OI2701,01,20260805,9876.0
菜油,OI2701,01,20260806,9902.0
菜油,OI2701,01,20260807,9908.0
菜油,OI2701,01,20260810,9931.0
菜油,OI2701,01,20260811,9983.0
菜油,OI2701,01,20260812,9945.0
菜油,OI2701,01,20260813,9996.0
菜油,OI2701,01,20260814,10152.0
菜油,OI2701,01,20260817,10147.0
菜油,OI2701,01,20260818,10171.0
菜油,OI2701,01,20260819,10317.0
菜油,OI2701,01,20260820,10434.0
菜油,OI2701,01,20260821,10305.0
菜油,OI2701,01,20260824,10208.0
菜油,OI2701,01,20260825,10100.0
菜油,OI2701,01,20260826,10102.0
菜油,OI2701,01,20260827,10128.0
菜油,OI2701,01,20260828,10201.0
菜油,OI2701,01,20260831,10254.0
菜油,OI2701,01,20260901,10254.0
菜油,OI2701,01,20260902,10205.0
菜油,OI2701,01,20260903,10194.0
菜油,OI2703,03,20260724,10122.0
菜油,OI2703,03,20260727,9845.0
菜油,OI2703,03,20260728,9735.0
菜油,OI2703,03,20260729,9752.0
菜油,OI2703,03,20260730,9702.0
菜油,OI2703,03,20260731,9700.0
菜油,OI2703,03,20260803,9646.0
菜油,OI2703,03,20260804,9768.0
菜油,OI2703,03,20260805,9782.0
菜油,OI2703,03,20260806,9816.0
菜油,OI2703,03,20260807,9825.0
菜油,OI2703,03,20260810,9853.0
菜油,OI2703,03,20260811,9905.0
菜油,OI2703,03,20260812,9871.0
菜油,OI2703,03,20260813,9908.0
菜油,OI2703,03,20260814,10026.0
菜油,OI2703,03,20260817,10023.0
菜油,OI2703,03,20260818,10053.0
菜油,OI2703,03,20260819,10234.0
菜油,OI2703,03,20260820,10340.0
菜油,OI2703,03,20260821,10202.0
菜油,OI2703,03,20260824,10125.0
菜油,OI2703,03,20260825,10008.0
菜油,OI2703,03,20260826,10013.0
菜油,OI2703,03,20260827,10036.0
菜油,OI2703,03,20260828,10114.0
菜油,OI2703,03,20260831,10175.0
菜油,OI2703,03,20260901,10173.0
菜油,OI2703,03,20260902,10133.0
菜油,OI2703,03,20260903,10120.0
菜油,OI2705,05,20260520,9817.0
菜油,OI2705,05,20260521,9665.0
菜油,OI2705,05,20260522,9567.0
菜油,OI2705,05,20260525,9594.0
菜油,OI2705,05,20260526,9590.0
菜油,OI2705,05,20260527,9605.0
菜油,OI2705,05,20260528,9746.0
菜油,OI2705,05,20260529,9780.0
菜油,OI2705,05,20260601,9828.0
菜油,OI2705,05,20260602,9875.0
菜油,OI2705,05,20260603,10080.0
菜油,OI2705,05,20260604,10077.0
菜油,OI2705,05,20260605,9828.0
菜油,OI2705,05,20260608,9844.0
菜油,OI2705,05,20260609,9766.0
菜油,OI2705,05,20260610,9760.0
菜油,OI2705,05,20260611,9850.0
菜油,OI2705,05,20260612,9792.0
菜油,OI2705,05,20260615,9744.0
菜油,OI2705,05,20260616,9758.0
菜油,OI2705,05,20260617,9676.0
菜油,OI2705,05,20260618,9591.0
菜油,OI2705,05,20260622,9567.0
菜油,OI2705,05,20260623,9560.0
菜油,OI2705,05,20260624,9635.0
菜油,OI2705,05,20260625,9449.0
菜油,OI2705,05,20260626,9546.0
菜油,OI2705,05,20260629,9615.0
菜油,OI2705,05,20260630,9575.0
菜油,OI2705,05,20260701,9457.0
菜油,OI2705,05,20260702,9435.0
菜油,OI2705,05,20260703,9473.0
菜油,OI2705,05,20260706,9564.0
菜油,OI2705,05,20260707,9643.0
菜油,OI2705,05,20260708,9651.0
菜油,OI2705,05,20260709,9708.0
菜油,OI2705,05,20260710,9700.0
菜油,OI2705,05,20260713,9657.0
菜油,OI2705,05,20260714,9729.0
菜油,OI2705,05,20260715,9739.0
菜油,OI2705,05,20260716,9828.0
菜油,OI2705,05,20260717,9732.0
菜油,OI2705,05,20260720,9839.0
菜油,OI2705,05,20260721,9833.0
菜油,OI2705,05,20260722,9777.0
菜油,OI2705,05,20260723,9987.0
菜油,OI2705,05,20260724,10085.0
菜油,OI2705,05,20260727,9810.0
菜油,OI2705,05,20260728,9702.0
菜油,OI2705,05,20260729,9730.0
菜油,OI2705,05,20260730,9679.0
菜油,OI2705,05,20260731,9671.0
菜油,OI2705,05,20260803,9617.0
菜油,OI2705,05,20260804,9725.0
菜油,OI2705,05,20260805,9735.0
菜油,OI2705,05,20260806,9762.0
菜油,OI2705,05,20260807,9763.0
菜油,OI2705,05,20260810,9785.0
菜油,OI2705,05,20260811,9826.0
菜油,OI2705,05,20260812,9800.0
菜油,OI2705,05,20260813,9841.0
菜油,OI2705,05,20260814,9940.0
菜油,OI2705,05,20260817,9938.0
菜油,OI2705,05,20260818,9974.0
菜油,OI2705,05,20260819,10144.0
菜油,OI2705,05,20260820,10263.0
菜油,OI2705,05,20260821,10155.0
菜油,OI2705,05,20260824,10058.0
菜油,OI2705,05,20260825,9934.0
菜油,OI2705,05,20260826,9941.0
菜油,OI2705,05,20260827,9973.0
菜油,OI2705,05,20260828,10066.0
菜油,OI2705,05,20260831,10120.0
菜油,OI2705,05,20260901,10128.0
菜油,OI2705,05,20260902,10070.0
菜油,OI2705,05,20260903,10062.0
菜粕,RM2609,09,20260105,2407.0
菜粕,RM2609,09,20260106,2437.0
菜粕,RM2609,09,20260107,2465.0
菜粕,RM2609,09,20260108,2419.0
菜粕,RM2609,09,20260109,2398.0
菜粕,RM2609,09,20260112,2394.0
菜粕,RM2609,09,20260113,2378.0
菜粕,RM2609,09,20260114,2356.0
菜粕,RM2609,09,20260115,2351.0
菜粕,RM2609,09,20260116,2323.0
菜粕,RM2609,09,20260119,2287.0
菜粕,RM2609,09,20260120,2282.0
菜粕,RM2609,09,20260121,2266.0
菜粕,RM2609,09,20260122,2278.0
菜粕,RM2609,09,20260123,2278.0
菜粕,RM2609,09,20260126,2302.0
菜粕,RM2609,09,20260127,2293.0
菜粕,RM2609,09,20260128,2309.0
菜粕,RM2609,09,20260129,2333.0
菜粕,RM2609,09,20260130,2306.0
菜粕,RM2609,09,20260202,2297.0
菜粕,RM2609,09,20260203,2287.0
菜粕,RM2609,09,20260204,2292.0
菜粕,RM2609,09,20260205,2284.0
菜粕,RM2609,09,20260206,2286.0
菜粕,RM2609,09,20260209,2286.0
菜粕,RM2609,09,20260210,2292.0
菜粕,RM2609,09,20260211,2330.0
菜粕,RM2609,09,20260212,2349.0
菜粕,RM2609,09,20260213,2348.0
菜粕,RM2609,09,20260224,2342.0
菜粕,RM2609,09,20260225,2364.0
菜粕,RM2609,09,20260226,2361.0
菜粕,RM2609,09,20260227,2357.0
菜粕,RM2609,09,20260302,2360.0
菜粕,RM2609,09,20260303,2369.0
菜粕,RM2609,09,20260304,2356.0
菜粕,RM2609,09,20260305,2367.0
菜粕,RM2609,09,20260306,2409.0
菜粕,RM2609,09,20260309,2462.0
菜粕,RM2609,09,20260310,2442.0
菜粕,RM2609,09,20260311,2470.0
菜粕,RM2609,09,20260312,2470.0
菜粕,RM2609,09,20260313,2472.0
菜粕,RM2609,09,20260316,2484.0
菜粕,RM2609,09,20260317,2455.0
菜粕,RM2609,09,20260318,2427.0
菜粕,RM2609,09,20260319,2438.0
菜粕,RM2609,09,20260320,2463.0
菜粕,RM2609,09,20260323,2455.0
菜粕,RM2609,09,20260324,2431.0
菜粕,RM2609,09,20260325,2407.0
菜粕,RM2609,09,20260326,2422.0
菜粕,RM2609,09,20260327,2403.0
菜粕,RM2609,09,20260330,2379.0
菜粕,RM2609,09,20260331,2362.0
菜粕,RM2609,09,20260401,2336.0
菜粕,RM2609,09,20260402,2344.0
菜粕,RM2609,09,20260403,2319.0
菜粕,RM2609,09,20260407,2331.0
菜粕,RM2609,09,20260408,2335.0
菜粕,RM2609,09,20260409,2340.0
菜粕,RM2609,09,20260410,2343.0
菜粕,RM2609,09,20260413,2347.0
菜粕,RM2609,09,20260414,2350.0
菜粕,RM2609,09,20260415,2343.0
菜粕,RM2609,09,20260416,2344.0
菜粕,RM2609,09,20260417,2320.0
菜粕,RM2609,09,20260420,2336.0
菜粕,RM2609,09,20260421,2356.0
菜粕,RM2609,09,20260422,2410.0
菜粕,RM2609,09,20260423,2381.0
菜粕,RM2609,09,20260424,2371.0
菜粕,RM2609,09,20260427,2379.0
菜粕,RM2609,09,20260428,2395.0
菜粕,RM2609,09,20260429,2417.0
菜粕,RM2609,09,20260430,2421.0
菜粕,RM2609,09,20260506,2393.0
菜粕,RM2609,09,20260507,2369.0
菜粕,RM2609,09,20260508,2387.0
菜粕,RM2609,09,20260511,2404.0
菜粕,RM2609,09,20260512,2376.0
菜粕,RM2609,09,20260513,2378.0
菜粕,RM2609,09,20260514,2360.0
菜粕,RM2609,09,20260515,2324.0
菜粕,RM2609,09,20260518,2319.0
菜粕,RM2609,09,20260519,2373.0
菜粕,RM2609,09,20260520,2375.0
菜粕,RM2609,09,20260521,2333.0
菜粕,RM2609,09,20260522,2337.0
菜粕,RM2609,09,20260525,2312.0
菜粕,RM2609,09,20260526,2300.0
菜粕,RM2609,09,20260527,2286.0
菜粕,RM2609,09,20260528,2304.0
菜粕,RM2609,09,20260529,2301.0
菜粕,RM2609,09,20260601,2327.0
菜粕,RM2609,09,20260602,2299.0
菜粕,RM2609,09,20260603,2310.0
菜粕,RM2609,09,20260604,2283.0
菜粕,RM2609,09,20260605,2256.0
菜粕,RM2609,09,20260608,2240.0
菜粕,RM2609,09,20260609,2231.0
菜粕,RM2609,09,20260610,2239.0
菜粕,RM2609,09,20260611,2250.0
菜粕,RM2609,09,20260612,2259.0
菜粕,RM2609,09,20260615,2262.0
菜粕,RM2609,09,20260616,2280.0
菜粕,RM2609,09,20260617,2280.0
菜粕,RM2609,09,20260618,2286.0
菜粕,RM2609,09,20260622,2271.0
菜粕,RM2609,09,20260623,2303.0
菜粕,RM2609,09,20260624,2316.0
菜粕,RM2609,09,20260625,2266.0
菜粕,RM2609,09,20260626,2305.0
菜粕,RM2609,09,20260629,2296.0
菜粕,RM2609,09,20260630,2247.0
菜粕,RM2609,09,20260701,2268.0
菜粕,RM2609,09,20260702,2275.0
菜粕,RM2609,09,20260703,2257.0
菜粕,RM2609,09,20260706,2304.0
菜粕,RM2609,09,20260707,2318.0
菜粕,RM2609,09,20260708,2305.0
菜粕,RM2609,09,20260709,2338.0
菜粕,RM2609,09,20260710,2325.0
菜粕,RM2609,09,20260713,2295.0
菜粕,RM2609,09,20260714,2308.0
菜粕,RM2609,09,20260715,2315.0
菜粕,RM2609,09,20260716,2308.0
菜粕,RM2609,09,20260717,2286.0
菜粕,RM2609,09,20260720,2333.0
菜粕,RM2609,09,20260721,2342.0
菜粕,RM2609,09,20260722,2350.0
菜粕,RM2609,09,20260723,2360.0
菜粕,RM2609,09,20260724,2467.0
菜粕,RM2609,09,20260727,2387.0
菜粕,RM2609,09,20260728,2335.0
菜粕,RM2609,09,20260729,2337.0
菜粕,RM2609,09,20260730,2289.0
菜粕,RM2609,09,20260731,2316.0
菜粕,RM2609,09,20260803,2319.0
菜粕,RM2609,09,20260804,2308.0
菜粕,RM2609,09,20260805,2313.0
菜粕,RM2609,09,20260806,2307.0
菜粕,RM2609,09,20260807,2320.0
菜粕,RM2609,09,20260810,2304.0
菜粕,RM2609,09,20260811,2305.0
菜粕,RM2609,09,20260812,2295.0
菜粕,RM2609,09,20260813,2285.0
菜粕,RM2609,09,20260814,2297.0
菜粕,RM2609,09,20260817,2294.0
菜粕,RM2609,09,20260818,2336.0
菜粕,RM2609,09,20260819,2361.0
菜粕,RM2609,09,20260820,2367.0
菜粕,RM2609,09,20260821,2323.0
菜粕,RM2609,09,20260824,2319.0
菜粕,RM2609,09,20260825,2322.0
菜粕,RM2609,09,20260826,2396.0
菜粕,RM2609,09,20260827,2423.0
菜粕,RM2609,09,20260828,2413.0
菜粕,RM2609,09,20260831,2406.0
菜粕,RM2609,09,20260901,2475.0
菜粕,RM2609,09,20260902,2442.0
菜粕,RM2609,09,20260903,2489.0
菜粕,RM2611,11,20260724,2367.0
菜粕,RM2611,11,20260727,2293.0
菜粕,RM2611,11,20260728,2258.0
菜粕,RM2611,11,20260729,2259.0
菜粕,RM2611,11,20260730,2216.0
菜粕,RM2611,11,20260731,2216.0
菜粕,RM2611,11,20260803,2205.0
菜粕,RM2611,11,20260804,2199.0
菜粕,RM2611,11,20260805,2186.0
菜粕,RM2611,11,20260806,2173.0
菜粕,RM2611,11,20260807,2173.0
菜粕,RM2611,11,20260810,2174.0
菜粕,RM2611,11,20260811,2171.0
菜粕,RM2611,11,20260812,2180.0
菜粕,RM2611,11,20260813,2178.0
菜粕,RM2611,11,20260814,2191.0
菜粕,RM2611,11,20260817,2196.0
菜粕,RM2611,11,20260818,2251.0
菜粕,RM2611,11,20260819,2272.0
菜粕,RM2611,11,20260820,2282.0
菜粕,RM2611,11,20260821,2238.0
菜粕,RM2611,11,20260824,2235.0
菜粕,RM2611,11,20260825,2243.0
菜粕,RM2611,11,20260826,2314.0
菜粕,RM2611,11,20260827,2348.0
菜粕,RM2611,11,20260828,2339.0
菜粕,RM2611,11,20260831,2323.0
菜粕,RM2611,11,20260901,2339.0
菜粕,RM2611,11,20260902,2317.0
菜粕,RM2611,11,20260903,2361.0
菜粕,RM2701,01,20260119,2217.0
菜粕,RM2701,01,20260120,2217.0
菜粕,RM2701,01,20260121,2208.0
菜粕,RM2701,01,20260122,2218.0
菜粕,RM2701,01,20260123,2214.0
菜粕,RM2701,01,20260126,2233.0
菜粕,RM2701,01,20260127,2225.0
菜粕,RM2701,01,20260128,2236.0
菜粕,RM2701,01,20260129,2252.0
菜粕,RM2701,01,20260130,2238.0
菜粕,RM2701,01,20260202,2237.0
菜粕,RM2701,01,20260203,2225.0
菜粕,RM2701,01,20260204,2229.0
菜粕,RM2701,01,20260205,2235.0
菜粕,RM2701,01,20260206,2233.0
菜粕,RM2701,01,20260209,2230.0
菜粕,RM2701,01,20260210,2231.0
菜粕,RM2701,01,20260211,2253.0
菜粕,RM2701,01,20260212,2263.0
菜粕,RM2701,01,20260213,2264.0
菜粕,RM2701,01,20260224,2263.0
菜粕,RM2701,01,20260225,2293.0
菜粕,RM2701,01,20260226,2295.0
菜粕,RM2701,01,20260227,2299.0
菜粕,RM2701,01,20260302,2323.0
菜粕,RM2701,01,20260303,2323.0
菜粕,RM2701,01,20260304,2313.0
菜粕,RM2701,01,20260305,2323.0
菜粕,RM2701,01,20260306,2358.0
菜粕,RM2701,01,20260309,2412.0
菜粕,RM2701,01,20260310,2379.0
菜粕,RM2701,01,20260311,2397.0
菜粕,RM2701,01,20260312,2404.0
菜粕,RM2701,01,20260313,2398.0
菜粕,RM2701,01,20260316,2409.0
菜粕,RM2701,01,20260317,2392.0
菜粕,RM2701,01,20260318,2368.0
菜粕,RM2701,01,20260319,2380.0
菜粕,RM2701,01,20260320,2407.0
菜粕,RM2701,01,20260323,2407.0
菜粕,RM2701,01,20260324,2387.0
菜粕,RM2701,01,20260325,2371.0
菜粕,RM2701,01,20260326,2381.0
菜粕,RM2701,01,20260327,2379.0
菜粕,RM2701,01,20260330,2360.0
菜粕,RM2701,01,20260331,2345.0
菜粕,RM2701,01,20260401,2323.0
菜粕,RM2701,01,20260402,2321.0
菜粕,RM2701,01,20260403,2296.0
菜粕,RM2701,01,20260407,2308.0
菜粕,RM2701,01,20260408,2312.0
菜粕,RM2701,01,20260409,2317.0
菜粕,RM2701,01,20260410,2325.0
菜粕,RM2701,01,20260413,2321.0
菜粕,RM2701,01,20260414,2320.0
菜粕,RM2701,01,20260415,2319.0
菜粕,RM2701,01,20260416,2322.0
菜粕,RM2701,01,20260417,2300.0
菜粕,RM2701,01,20260420,2315.0
菜粕,RM2701,01,20260421,2323.0
菜粕,RM2701,01,20260422,2358.0
菜粕,RM2701,01,20260423,2335.0
菜粕,RM2701,01,20260424,2321.0
菜粕,RM2701,01,20260427,2329.0
菜粕,RM2701,01,20260428,2342.0
菜粕,RM2701,01,20260429,2354.0
菜粕,RM2701,01,20260430,2359.0
菜粕,RM2701,01,20260506,2345.0
菜粕,RM2701,01,20260507,2326.0
菜粕,RM2701,01,20260508,2334.0
菜粕,RM2701,01,20260511,2354.0
菜粕,RM2701,01,20260512,2336.0
菜粕,RM2701,01,20260513,2332.0
菜粕,RM2701,01,20260514,2310.0
菜粕,RM2701,01,20260515,2280.0
菜粕,RM2701,01,20260518,2275.0
菜粕,RM2701,01,20260519,2312.0
菜粕,RM2701,01,20260520,2307.0
菜粕,RM2701,01,20260521,2277.0
菜粕,RM2701,01,20260522,2279.0
菜粕,RM2701,01,20260525,2269.0
菜粕,RM2701,01,20260526,2262.0
菜粕,RM2701,01,20260527,2256.0
菜粕,RM2701,01,20260528,2261.0
菜粕,RM2701,01,20260529,2253.0
菜粕,RM2701,01,20260601,2272.0
菜粕,RM2701,01,20260602,2258.0
菜粕,RM2701,01,20260603,2254.0
菜粕,RM2701,01,20260604,2237.0
菜粕,RM2701,01,20260605,2215.0
菜粕,RM2701,01,20260608,2203.0
菜粕,RM2701,01,20260609,2198.0
菜粕,RM2701,01,20260610,2206.0
菜粕,RM2701,01,20260611,2213.0
菜粕,RM2701,01,20260612,2212.0
菜粕,RM2701,01,20260615,2211.0
菜粕,RM2701,01,20260616,2220.0
菜粕,RM2701,01,20260617,2230.0
菜粕,RM2701,01,20260618,2228.0
菜粕,RM2701,01,20260622,2214.0
菜粕,RM2701,01,20260623,2236.0
菜粕,RM2701,01,20260624,2247.0
菜粕,RM2701,01,20260625,2221.0
菜粕,RM2701,01,20260626,2243.0
菜粕,RM2701,01,20260629,2239.0
菜粕,RM2701,01,20260630,2207.0
菜粕,RM2701,01,20260701,2216.0
菜粕,RM2701,01,20260702,2219.0
菜粕,RM2701,01,20260703,2211.0
菜粕,RM2701,01,20260706,2244.0
菜粕,RM2701,01,20260707,2253.0
菜粕,RM2701,01,20260708,2247.0
菜粕,RM2701,01,20260709,2267.0
菜粕,RM2701,01,20260710,2265.0
菜粕,RM2701,01,20260713,2238.0
菜粕,RM2701,01,20260714,2249.0
菜粕,RM2701,01,20260715,2255.0
菜粕,RM2701,01,20260716,2250.0
菜粕,RM2701,01,20260717,2235.0
菜粕,RM2701,01,20260720,2271.0
菜粕,RM2701,01,20260721,2282.0
菜粕,RM2701,01,20260722,2292.0
菜粕,RM2701,01,20260723,2320.0
菜粕,RM2701,01,20260724,2389.0
菜粕,RM2701,01,20260727,2339.0
菜粕,RM2701,01,20260728,2297.0
菜粕,RM2701,01,20260729,2297.0
菜粕,RM2701,01,20260730,2245.0
菜粕,RM2701,01,20260731,2248.0
菜粕,RM2701,01,20260803,2241.0
菜粕,RM2701,01,20260804,2244.0
菜粕,RM2701,01,20260805,2235.0
菜粕,RM2701,01,20260806,2236.0
菜粕,RM2701,01,20260807,2238.0
菜粕,RM2701,01,20260810,2238.0
菜粕,RM2701,01,20260811,2231.0
菜粕,RM2701,01,20260812,2236.0
菜粕,RM2701,01,20260813,2236.0
菜粕,RM2701,01,20260814,2239.0
菜粕,RM2701,01,20260817,2242.0
菜粕,RM2701,01,20260818,2285.0
菜粕,RM2701,01,20260819,2298.0
菜粕,RM2701,01,20260820,2302.0
菜粕,RM2701,01,20260821,2270.0
菜粕,RM2701,01,20260824,2272.0
菜粕,RM2701,01,20260825,2277.0
菜粕,RM2701,01,20260826,2335.0
菜粕,RM2701,01,20260827,2377.0
菜粕,RM2701,01,20260828,2366.0
菜粕,RM2701,01,20260831,2356.0
菜粕,RM2701,01,20260901,2375.0
菜粕,RM2701,01,20260902,2358.0
菜粕,RM2701,01,20260903,2391.0
菜粕,RM2703,03,20260724,2365.0
菜粕,RM2703,03,20260727,2323.0
菜粕,RM2703,03,20260728,2285.0
菜粕,RM2703,03,20260729,2285.0
菜粕,RM2703,03,20260730,2235.0
菜粕,RM2703,03,20260731,2238.0
菜粕,RM2703,03,20260803,2229.0
菜粕,RM2703,03,20260804,2230.0
菜粕,RM2703,03,20260805,2223.0
菜粕,RM2703,03,20260806,2226.0
菜粕,RM2703,03,20260807,2227.0
菜粕,RM2703,03,20260810,2232.0
菜粕,RM2703,03,20260811,2227.0
菜粕,RM2703,03,20260812,2228.0
菜粕,RM2703,03,20260813,2230.0
菜粕,RM2703,03,20260814,2231.0
菜粕,RM2703,03,20260817,2233.0
菜粕,RM2703,03,20260818,2274.0
菜粕,RM2703,03,20260819,2286.0
菜粕,RM2703,03,20260820,2290.0
菜粕,RM2703,03,20260821,2261.0
菜粕,RM2703,03,20260824,2259.0
菜粕,RM2703,03,20260825,2268.0
菜粕,RM2703,03,20260826,2321.0
菜粕,RM2703,03,20260827,2364.0
菜粕,RM2703,03,20260828,2354.0
菜粕,RM2703,03,20260831,2342.0
菜粕,RM2703,03,20260901,2364.0
菜粕,RM2703,03,20260902,2351.0
菜粕,RM2703,03,20260903,2383.0
菜粕,RM2705,05,20260520,2328.0
菜粕,RM2705,05,20260521,2305.0
菜粕,RM2705,05,20260522,2298.0
菜粕,RM2705,05,20260525,2294.0
菜粕,RM2705,05,20260526,2292.0
菜粕,RM2705,05,20260527,2286.0
菜粕,RM2705,05,20260528,2289.0
菜粕,RM2705,05,20260529,2282.0
菜粕,RM2705,05,20260601,2295.0
菜粕,RM2705,05,20260602,2282.0
菜粕,RM2705,05,20260603,2285.0
菜粕,RM2705,05,20260604,2270.0
菜粕,RM2705,05,20260605,2257.0
菜粕,RM2705,05,20260608,2253.0
菜粕,RM2705,05,20260609,2240.0
菜粕,RM2705,05,20260610,2251.0
菜粕,RM2705,05,20260611,2253.0
菜粕,RM2705,05,20260612,2247.0
菜粕,RM2705,05,20260615,2255.0
菜粕,RM2705,05,20260616,2258.0
菜粕,RM2705,05,20260617,2270.0
菜粕,RM2705,05,20260618,2260.0
菜粕,RM2705,05,20260622,2256.0
菜粕,RM2705,05,20260623,2267.0
菜粕,RM2705,05,20260624,2270.0
菜粕,RM2705,05,20260625,2266.0
菜粕,RM2705,05,20260626,2285.0
菜粕,RM2705,05,20260629,2284.0
菜粕,RM2705,05,20260630,2260.0
菜粕,RM2705,05,20260701,2249.0
菜粕,RM2705,05,20260702,2254.0
菜粕,RM2705,05,20260703,2241.0
菜粕,RM2705,05,20260706,2271.0
菜粕,RM2705,05,20260707,2271.0
菜粕,RM2705,05,20260708,2273.0
菜粕,RM2705,05,20260709,2280.0
菜粕,RM2705,05,20260710,2284.0
菜粕,RM2705,05,20260713,2266.0
菜粕,RM2705,05,20260714,2270.0
菜粕,RM2705,05,20260715,2276.0
菜粕,RM2705,05,20260716,2273.0
菜粕,RM2705,05,20260717,2258.0
菜粕,RM2705,05,20260720,2287.0
菜粕,RM2705,05,20260721,2293.0
菜粕,RM2705,05,20260722,2300.0
菜粕,RM2705,05,20260723,2324.0
菜粕,RM2705,05,20260724,2373.0
菜粕,RM2705,05,20260727,2336.0
菜粕,RM2705,05,20260728,2309.0
菜粕,RM2705,05,20260729,2312.0
菜粕,RM2705,05,20260730,2281.0
菜粕,RM2705,05,20260731,2279.0
菜粕,RM2705,05,20260803,2270.0
菜粕,RM2705,05,20260804,2273.0
菜粕,RM2705,05,20260805,2265.0
菜粕,RM2705,05,20260806,2266.0
菜粕,RM2705,05,20260807,2265.0
菜粕,RM2705,05,20260810,2269.0
菜粕,RM2705,05,20260811,2265.0
菜粕,RM2705,05,20260812,2269.0
菜粕,RM2705,05,20260813,2282.0
菜粕,RM2705,05,20260814,2284.0
菜粕,RM2705,05,20260817,2300.0
菜粕,RM2705,05,20260818,2339.0
菜粕,RM2705,05,20260819,2351.0
菜粕,RM2705,05,20260820,2360.0
菜粕,RM2705,05,20260821,2327.0
菜粕,RM2705,05,20260824,2327.0
菜粕,RM2705,05,20260825,2331.0
菜粕,RM2705,05,20260826,2371.0
菜粕,RM2705,05,20260827,2413.0
菜粕,RM2705,05,20260828,2407.0
菜粕,RM2705,05,20260831,2411.0
菜粕,RM2705,05,20260901,2428.0
菜粕,RM2705,05,20260902,2410.0
菜粕,RM2705,05,20260903,2427.0
豆油,y2609,09,20260105,7730.0
豆油,y2609,09,20260106,7774.0
豆油,y2609,09,20260107,7808.0
豆油,y2609,09,20260108,7814.0
豆油,y2609,09,20260109,7838.0
豆油,y2609,09,20260112,7864.0
豆油,y2609,09,20260113,7842.0
豆油,y2609,09,20260114,7862.0
豆油,y2609,09,20260115,7804.0
豆油,y2609,09,20260116,7886.0
豆油,y2609,09,20260119,7876.0
豆油,y2609,09,20260120,7908.0
豆油,y2609,09,20260121,7948.0
豆油,y2609,09,20260122,7998.0
豆油,y2609,09,20260123,8000.0
豆油,y2609,09,20260126,8138.0
豆油,y2609,09,20260127,8172.0
豆油,y2609,09,20260128,8240.0
豆油,y2609,09,20260129,8294.0
豆油,y2609,09,20260130,8214.0
豆油,y2609,09,20260202,8028.0
豆油,y2609,09,20260203,8030.0
豆油,y2609,09,20260204,8074.0
豆油,y2609,09,20260205,8046.0
豆油,y2609,09,20260206,8054.0
豆油,y2609,09,20260209,8064.0
豆油,y2609,09,20260210,8048.0
豆油,y2609,09,20260211,8052.0
豆油,y2609,09,20260212,8022.0
豆油,y2609,09,20260213,7984.0
豆油,y2609,09,20260224,8070.0
豆油,y2609,09,20260225,8168.0
豆油,y2609,09,20260226,8158.0
豆油,y2609,09,20260227,8186.0
豆油,y2609,09,20260302,8244.0
豆油,y2609,09,20260303,8322.0
豆油,y2609,09,20260304,8340.0
豆油,y2609,09,20260305,8342.0
豆油,y2609,09,20260306,8364.0
豆油,y2609,09,20260309,8600.0
豆油,y2609,09,20260310,8380.0
豆油,y2609,09,20260311,8456.0
豆油,y2609,09,20260312,8540.0
豆油,y2609,09,20260313,8576.0
豆油,y2609,09,20260316,8652.0
豆油,y2609,09,20260317,8546.0
豆油,y2609,09,20260318,8452.0
豆油,y2609,09,20260319,8530.0
豆油,y2609,09,20260320,8548.0
豆油,y2609,09,20260323,8666.0
豆油,y2609,09,20260324,8532.0
豆油,y2609,09,20260325,8480.0
豆油,y2609,09,20260326,8588.0
豆油,y2609,09,20260327,8630.0
豆油,y2609,09,20260330,8674.0
豆油,y2609,09,20260331,8628.0
豆油,y2609,09,20260401,8584.0
豆油,y2609,09,20260402,8664.0
豆油,y2609,09,20260403,8674.0
豆油,y2609,09,20260407,8748.0
豆油,y2609,09,20260408,8460.0
豆油,y2609,09,20260409,8496.0
豆油,y2609,09,20260410,8506.0
豆油,y2609,09,20260413,8487.0
豆油,y2609,09,20260414,8458.0
豆油,y2609,09,20260415,8425.0
豆油,y2609,09,20260416,8448.0
豆油,y2609,09,20260417,8466.0
豆油,y2609,09,20260420,8473.0
豆油,y2609,09,20260421,8587.0
豆油,y2609,09,20260422,8626.0
豆油,y2609,09,20260423,8618.0
豆油,y2609,09,20260424,8527.0
豆油,y2609,09,20260427,8533.0
豆油,y2609,09,20260428,8559.0
豆油,y2609,09,20260429,8573.0
豆油,y2609,09,20260430,8605.0
豆油,y2609,09,20260506,8664.0
豆油,y2609,09,20260507,8581.0
豆油,y2609,09,20260508,8487.0
豆油,y2609,09,20260511,8562.0
豆油,y2609,09,20260512,8551.0
豆油,y2609,09,20260513,8544.0
豆油,y2609,09,20260514,8514.0
豆油,y2609,09,20260515,8435.0
豆油,y2609,09,20260518,8475.0
豆油,y2609,09,20260519,8588.0
豆油,y2609,09,20260520,8636.0
豆油,y2609,09,20260521,8537.0
豆油,y2609,09,20260522,8505.0
豆油,y2609,09,20260525,8440.0
豆油,y2609,09,20260526,8415.0
豆油,y2609,09,20260527,8442.0
豆油,y2609,09,20260528,8538.0
豆油,y2609,09,20260529,8553.0
豆油,y2609,09,20260601,8596.0
豆油,y2609,09,20260602,8558.0
豆油,y2609,09,20260603,8590.0
豆油,y2609,09,20260604,8499.0
豆油,y2609,09,20260605,8440.0
豆油,y2609,09,20260608,8376.0
豆油,y2609,09,20260609,8318.0
豆油,y2609,09,20260610,8320.0
豆油,y2609,09,20260611,8361.0
豆油,y2609,09,20260612,8357.0
豆油,y2609,09,20260615,8328.0
豆油,y2609,09,20260616,8345.0
豆油,y2609,09,20260617,8384.0
豆油,y2609,09,20260618,8353.0
豆油,y2609,09,20260622,8363.0
豆油,y2609,09,20260623,8353.0
豆油,y2609,09,20260624,8393.0
豆油,y2609,09,20260625,8351.0
豆油,y2609,09,20260626,8441.0
豆油,y2609,09,20260629,8469.0
豆油,y2609,09,20260630,8447.0
豆油,y2609,09,20260701,8430.0
豆油,y2609,09,20260702,8425.0
豆油,y2609,09,20260703,8406.0
豆油,y2609,09,20260706,8510.0
豆油,y2609,09,20260707,8587.0
豆油,y2609,09,20260708,8616.0
豆油,y2609,09,20260709,8610.0
豆油,y2609,09,20260710,8543.0
豆油,y2609,09,20260713,8568.0
豆油,y2609,09,20260714,8608.0
豆油,y2609,09,20260715,8598.0
豆油,y2609,09,20260716,8570.0
豆油,y2609,09,20260717,8535.0
豆油,y2609,09,20260720,8599.0
豆油,y2609,09,20260721,8542.0
豆油,y2609,09,20260722,8442.0
豆油,y2609,09,20260723,8545.0
豆油,y2609,09,20260724,8620.0
豆油,y2609,09,20260727,8471.0
豆油,y2609,09,20260728,8419.0
豆油,y2609,09,20260729,8412.0
豆油,y2609,09,20260730,8407.0
豆油,y2609,09,20260731,8389.0
豆油,y2609,09,20260803,8385.0
豆油,y2609,09,20260804,8421.0
豆油,y2609,09,20260805,8405.0
豆油,y2609,09,20260806,8428.0
豆油,y2609,09,20260807,8429.0
豆油,y2609,09,20260810,8433.0
豆油,y2609,09,20260811,8450.0
豆油,y2609,09,20260812,8432.0
豆油,y2609,09,20260813,8470.0
豆油,y2609,09,20260814,8519.0
豆油,y2609,09,20260817,8540.0
豆油,y2609,09,20260818,8672.0
豆油,y2609,09,20260819,8736.0
豆油,y2609,09,20260820,8871.0
豆油,y2609,09,20260821,8832.0
豆油,y2609,09,20260824,8825.0
豆油,y2609,09,20260825,8751.0
豆油,y2609,09,20260826,8755.0
豆油,y2609,09,20260827,8816.0
豆油,y2609,09,20260828,8920.0
豆油,y2609,09,20260831,8950.0
豆油,y2609,09,20260901,9087.0
豆油,y2609,09,20260902,9058.0
豆油,y2609,09,20260903,9170.0
豆油,y2611,11,20260724,8658.0
豆油,y2611,11,20260727,8517.0
豆油,y2611,11,20260728,8464.0
豆油,y2611,11,20260729,8455.0
豆油,y2611,11,20260730,8452.0
豆油,y2611,11,20260731,8432.0
豆油,y2611,11,20260803,8422.0
豆油,y2611,11,20260804,8464.0
豆油,y2611,11,20260805,8437.0
豆油,y2611,11,20260806,8466.0
豆油,y2611,11,20260807,8471.0
豆油,y2611,11,20260810,8472.0
豆油,y2611,11,20260811,8495.0
豆油,y2611,11,20260812,8475.0
豆油,y2611,11,20260813,8530.0
豆油,y2611,11,20260814,8584.0
豆油,y2611,11,20260817,8606.0
豆油,y2611,11,20260818,8748.0
豆油,y2611,11,20260819,8810.0
豆油,y2611,11,20260820,8924.0
豆油,y2611,11,20260821,8881.0
豆油,y2611,11,20260824,8864.0
豆油,y2611,11,20260825,8796.0
豆油,y2611,11,20260826,8815.0
豆油,y2611,11,20260827,8864.0
豆油,y2611,11,20260828,8970.0
豆油,y2611,11,20260831,9042.0
豆油,y2611,11,20260901,9073.0
豆油,y2611,11,20260902,9066.0
豆油,y2611,11,20260903,9083.0
豆油,y2701,01,20260119,7862.0
豆油,y2701,01,20260120,7896.0
豆油,y2701,01,20260121,7924.0
豆油,y2701,01,20260122,7976.0
豆油,y2701,01,20260123,7984.0
豆油,y2701,01,20260126,8116.0
豆油,y2701,01,20260127,8142.0
豆油,y2701,01,20260128,8206.0
豆油,y2701,01,20260129,8238.0
豆油,y2701,01,20260130,8174.0
豆油,y2701,01,20260202,8004.0
豆油,y2701,01,20260203,8000.0
豆油,y2701,01,20260204,8036.0
豆油,y2701,01,20260205,8026.0
豆油,y2701,01,20260206,8030.0
豆油,y2701,01,20260209,8066.0
豆油,y2701,01,20260210,8046.0
豆油,y2701,01,20260211,8052.0
豆油,y2701,01,20260212,8028.0
豆油,y2701,01,20260213,7988.0
豆油,y2701,01,20260224,8056.0
豆油,y2701,01,20260225,8138.0
豆油,y2701,01,20260226,8136.0
豆油,y2701,01,20260227,8176.0
豆油,y2701,01,20260302,8224.0
豆油,y2701,01,20260303,8304.0
豆油,y2701,01,20260304,8320.0
豆油,y2701,01,20260305,8318.0
豆油,y2701,01,20260306,8340.0
豆油,y2701,01,20260309,8586.0
豆油,y2701,01,20260310,8404.0
豆油,y2701,01,20260311,8452.0
豆油,y2701,01,20260312,8534.0
豆油,y2701,01,20260313,8606.0
豆油,y2701,01,20260316,8656.0
豆油,y2701,01,20260317,8508.0
豆油,y2701,01,20260318,8442.0
豆油,y2701,01,20260319,8520.0
豆油,y2701,01,20260320,8536.0
豆油,y2701,01,20260323,8644.0
豆油,y2701,01,20260324,8508.0
豆油,y2701,01,20260325,8446.0
豆油,y2701,01,20260326,8542.0
豆油,y2701,01,20260327,8584.0
豆油,y2701,01,20260330,8618.0
豆油,y2701,01,20260331,8578.0
豆油,y2701,01,20260401,8530.0
豆油,y2701,01,20260402,8614.0
豆油,y2701,01,20260403,8624.0
豆油,y2701,01,20260407,8692.0
豆油,y2701,01,20260408,8394.0
豆油,y2701,01,20260409,8428.0
豆油,y2701,01,20260410,8434.0
豆油,y2701,01,20260413,8415.0
豆油,y2701,01,20260414,8387.0
豆油,y2701,01,20260415,8352.0
豆油,y2701,01,20260416,8378.0
豆油,y2701,01,20260417,8401.0
豆油,y2701,01,20260420,8410.0
豆油,y2701,01,20260421,8516.0
豆油,y2701,01,20260422,8568.0
豆油,y2701,01,20260423,8556.0
豆油,y2701,01,20260424,8477.0
豆油,y2701,01,20260427,8474.0
豆油,y2701,01,20260428,8515.0
豆油,y2701,01,20260429,8530.0
豆油,y2701,01,20260430,8569.0
豆油,y2701,01,20260506,8638.0
豆油,y2701,01,20260507,8554.0
豆油,y2701,01,20260508,8435.0
豆油,y2701,01,20260511,8513.0
豆油,y2701,01,20260512,8497.0
豆油,y2701,01,20260513,8498.0
豆油,y2701,01,20260514,8470.0
豆油,y2701,01,20260515,8391.0
豆油,y2701,01,20260518,8431.0
豆油,y2701,01,20260519,8545.0
豆油,y2701,01,20260520,8588.0
豆油,y2701,01,20260521,8496.0
豆油,y2701,01,20260522,8459.0
豆油,y2701,01,20260525,8404.0
豆油,y2701,01,20260526,8389.0
豆油,y2701,01,20260527,8417.0
豆油,y2701,01,20260528,8498.0
豆油,y2701,01,20260529,8517.0
豆油,y2701,01,20260601,8563.0
豆油,y2701,01,20260602,8547.0
豆油,y2701,01,20260603,8590.0
豆油,y2701,01,20260604,8492.0
豆油,y2701,01,20260605,8422.0
豆油,y2701,01,20260608,8367.0
豆油,y2701,01,20260609,8290.0
豆油,y2701,01,20260610,8301.0
豆油,y2701,01,20260611,8345.0
豆油,y2701,01,20260612,8330.0
豆油,y2701,01,20260615,8288.0
豆油,y2701,01,20260616,8308.0
豆油,y2701,01,20260617,8343.0
豆油,y2701,01,20260618,8320.0
豆油,y2701,01,20260622,8319.0
豆油,y2701,01,20260623,8304.0
豆油,y2701,01,20260624,8347.0
豆油,y2701,01,20260625,8318.0
豆油,y2701,01,20260626,8394.0
豆油,y2701,01,20260629,8424.0
豆油,y2701,01,20260630,8400.0
豆油,y2701,01,20260701,8387.0
豆油,y2701,01,20260702,8389.0
豆油,y2701,01,20260703,8376.0
豆油,y2701,01,20260706,8474.0
豆油,y2701,01,20260707,8559.0
豆油,y2701,01,20260708,8599.0
豆油,y2701,01,20260709,8587.0
豆油,y2701,01,20260710,8533.0
豆油,y2701,01,20260713,8561.0
豆油,y2701,01,20260714,8595.0
豆油,y2701,01,20260715,8586.0
豆油,y2701,01,20260716,8564.0
豆油,y2701,01,20260717,8533.0
豆油,y2701,01,20260720,8593.0
豆油,y2701,01,20260721,8546.0
豆油,y2701,01,20260722,8465.0
豆油,y2701,01,20260723,8562.0
豆油,y2701,01,20260724,8633.0
豆油,y2701,01,20260727,8489.0
豆油,y2701,01,20260728,8453.0
豆油,y2701,01,20260729,8449.0
豆油,y2701,01,20260730,8436.0
豆油,y2701,01,20260731,8406.0
豆油,y2701,01,20260803,8388.0
豆油,y2701,01,20260804,8440.0
豆油,y2701,01,20260805,8424.0
豆油,y2701,01,20260806,8441.0
豆油,y2701,01,20260807,8443.0
豆油,y2701,01,20260810,8445.0
豆油,y2701,01,20260811,8468.0
豆油,y2701,01,20260812,8442.0
豆油,y2701,01,20260813,8485.0
豆油,y2701,01,20260814,8541.0
豆油,y2701,01,20260817,8561.0
豆油,y2701,01,20260818,8694.0
豆油,y2701,01,20260819,8747.0
豆油,y2701,01,20260820,8847.0
豆油,y2701,01,20260821,8824.0
豆油,y2701,01,20260824,8805.0
豆油,y2701,01,20260825,8764.0
豆油,y2701,01,20260826,8765.0
豆油,y2701,01,20260827,8828.0
豆油,y2701,01,20260828,8965.0
豆油,y2701,01,20260831,9045.0
豆油,y2701,01,20260901,9098.0
豆油,y2701,01,20260902,9113.0
豆油,y2701,01,20260903,9123.0
豆油,y2703,03,20260724,8555.0
豆油,y2703,03,20260727,8420.0
豆油,y2703,03,20260728,8387.0
豆油,y2703,03,20260729,8385.0
豆油,y2703,03,20260730,8385.0
豆油,y2703,03,20260731,8352.0
豆油,y2703,03,20260803,8335.0
豆油,y2703,03,20260804,8376.0
豆油,y2703,03,20260805,8367.0
豆油,y2703,03,20260806,8380.0
豆油,y2703,03,20260807,8385.0
豆油,y2703,03,20260810,8390.0
豆油,y2703,03,20260811,8411.0
豆油,y2703,03,20260812,8398.0
豆油,y2703,03,20260813,8445.0
豆油,y2703,03,20260814,8500.0
豆油,y2703,03,20260817,8523.0
豆油,y2703,03,20260818,8648.0
豆油,y2703,03,20260819,8703.0
豆油,y2703,03,20260820,8797.0
豆油,y2703,03,20260821,8778.0
豆油,y2703,03,20260824,8758.0
豆油,y2703,03,20260825,8707.0
豆油,y2703,03,20260826,8716.0
豆油,y2703,03,20260827,8784.0
豆油,y2703,03,20260828,8934.0
豆油,y2703,03,20260831,9016.0
豆油,y2703,03,20260901,9070.0
豆油,y2703,03,20260902,9086.0
豆油,y2703,03,20260903,9107.0
豆油,y2705,05,20260520,8390.0
豆油,y2705,05,20260521,8271.0
豆油,y2705,05,20260522,8249.0
豆油,y2705,05,20260525,8200.0
豆油,y2705,05,20260526,8207.0
豆油,y2705,05,20260527,8204.0
豆油,y2705,05,20260528,8234.0
豆油,y2705,05,20260529,8223.0
豆油,y2705,05,20260601,8306.0
豆油,y2705,05,20260602,8300.0
豆油,y2705,05,20260603,8321.0
豆油,y2705,05,20260604,8213.0
豆油,y2705,05,20260605,8153.0
豆油,y2705,05,20260608,8092.0
豆油,y2705,05,20260609,8023.0
豆油,y2705,05,20260610,8017.0
豆油,y2705,05,20260611,8066.0
豆油,y2705,05,20260612,8059.0
豆油,y2705,05,20260615,8042.0
豆油,y2705,05,20260616,8026.0
豆油,y2705,05,20260617,8062.0
豆油,y2705,05,20260618,8044.0
豆油,y2705,05,20260622,8034.0
豆油,y2705,05,20260623,8012.0
豆油,y2705,05,20260624,8029.0
豆油,y2705,05,20260625,7990.0
豆油,y2705,05,20260626,8039.0
豆油,y2705,05,20260629,8064.0
豆油,y2705,05,20260630,8040.0
豆油,y2705,05,20260701,8040.0
豆油,y2705,05,20260702,8038.0
豆油,y2705,05,20260703,8059.0
豆油,y2705,05,20260706,8145.0
豆油,y2705,05,20260707,8238.0
豆油,y2705,05,20260708,8272.0
豆油,y2705,05,20260709,8272.0
豆油,y2705,05,20260710,8231.0
豆油,y2705,05,20260713,8258.0
豆油,y2705,05,20260714,8282.0
豆油,y2705,05,20260715,8277.0
豆油,y2705,05,20260716,8269.0
豆油,y2705,05,20260717,8251.0
豆油,y2705,05,20260720,8313.0
豆油,y2705,05,20260721,8295.0
豆油,y2705,05,20260722,8220.0
豆油,y2705,05,20260723,8303.0
豆油,y2705,05,20260724,8338.0
豆油,y2705,05,20260727,8226.0
豆油,y2705,05,20260728,8205.0
豆油,y2705,05,20260729,8207.0
豆油,y2705,05,20260730,8199.0
豆油,y2705,05,20260731,8175.0
豆油,y2705,05,20260803,8145.0
豆油,y2705,05,20260804,8187.0
豆油,y2705,05,20260805,8191.0
豆油,y2705,05,20260806,8199.0
豆油,y2705,05,20260807,8199.0
豆油,y2705,05,20260810,8208.0
豆油,y2705,05,20260811,8230.0
豆油,y2705,05,20260812,8239.0
豆油,y2705,05,20260813,8286.0
豆油,y2705,05,20260814,8353.0
豆油,y2705,05,20260817,8397.0
豆油,y2705,05,20260818,8504.0
豆油,y2705,05,20260819,8557.0
豆油,y2705,05,20260820,8643.0
豆油,y2705,05,20260821,8614.0
豆油,y2705,05,20260824,8616.0
豆油,y2705,05,20260825,8560.0
豆油,y2705,05,20260826,8563.0
豆油,y2705,05,20260827,8619.0
豆油,y2705,05,20260828,8788.0
豆油,y2705,05,20260831,8875.0
豆油,y2705,05,20260901,8926.0
豆油,y2705,05,20260902,8930.0
豆油,y2705,05,20260903,8948.0
豆油,y2707,07,20260724,8314.0
豆油,y2707,07,20260727,8202.0
豆油,y2707,07,20260728,8173.0
豆油,y2707,07,20260729,8189.0
豆油,y2707,07,20260730,8178.0
豆油,y2707,07,20260731,8141.0
豆油,y2707,07,20260803,8120.0
豆油,y2707,07,20260804,8153.0
豆油,y2707,07,20260805,8151.0
豆油,y2707,07,20260806,8151.0
豆油,y2707,07,20260807,8166.0
豆油,y2707,07,20260810,8170.0
豆油,y2707,07,20260811,8188.0
豆油,y2707,07,20260812,8190.0
豆油,y2707,07,20260813,8237.0
豆油,y2707,07,20260814,8302.0
豆油,y2707,07,20260817,8346.0
豆油,y2707,07,20260818,8441.0
豆油,y2707,07,20260819,8500.0
豆油,y2707,07,20260820,8599.0
豆油,y2707,07,20260821,8572.0
豆油,y2707,07,20260824,8566.0
豆油,y2707,07,20260825,8505.0
豆油,y2707,07,20260826,8502.0
豆油,y2707,07,20260827,8560.0
豆油,y2707,07,20260828,8697.0
豆油,y2707,07,20260831,8769.0
豆油,y2707,07,20260901,8817.0
豆油,y2707,07,20260902,8838.0
豆油,y2707,07,20260903,8863.0
豆粕,m2609,09,20260105,2855.0
豆粕,m2609,09,20260106,2871.0
豆粕,m2609,09,20260107,2888.0
豆粕,m2609,09,20260108,2875.0
豆粕,m2609,09,20260109,2876.0
豆粕,m2609,09,20260112,2886.0
豆粕,m2609,09,20260113,2859.0
豆粕,m2609,09,20260114,2855.0
豆粕,m2609,09,20260115,2857.0
豆粕,m2609,09,20260116,2846.0
豆粕,m2609,09,20260119,2848.0
豆粕,m2609,09,20260120,2853.0
豆粕,m2609,09,20260121,2840.0
豆粕,m2609,09,20260122,2863.0
豆粕,m2609,09,20260123,2855.0
豆粕,m2609,09,20260126,2868.0
豆粕,m2609,09,20260127,2857.0
豆粕,m2609,09,20260128,2881.0
豆粕,m2609,09,20260129,2888.0
豆粕,m2609,09,20260130,2865.0
豆粕,m2609,09,20260202,2852.0
豆粕,m2609,09,20260203,2841.0
豆粕,m2609,09,20260204,2839.0
豆粕,m2609,09,20260205,2854.0
豆粕,m2609,09,20260206,2858.0
豆粕,m2609,09,20260209,2857.0
豆粕,m2609,09,20260210,2858.0
豆粕,m2609,09,20260211,2888.0
豆粕,m2609,09,20260212,2898.0
豆粕,m2609,09,20260213,2906.0
豆粕,m2609,09,20260224,2890.0
豆粕,m2609,09,20260225,2936.0
豆粕,m2609,09,20260226,2951.0
豆粕,m2609,09,20260227,2951.0
豆粕,m2609,09,20260302,2952.0
豆粕,m2609,09,20260303,2956.0
豆粕,m2609,09,20260304,2944.0
豆粕,m2609,09,20260305,2955.0
豆粕,m2609,09,20260306,3003.0
豆粕,m2609,09,20260309,3049.0
豆粕,m2609,09,20260310,3022.0
豆粕,m2609,09,20260311,3054.0
豆粕,m2609,09,20260312,3050.0
豆粕,m2609,09,20260313,3026.0
豆粕,m2609,09,20260316,3037.0
豆粕,m2609,09,20260317,3023.0
豆粕,m2609,09,20260318,3004.0
豆粕,m2609,09,20260319,3009.0
豆粕,m2609,09,20260320,3055.0
豆粕,m2609,09,20260323,3050.0
豆粕,m2609,09,20260324,3022.0
豆粕,m2609,09,20260325,3007.0
豆粕,m2609,09,20260326,3030.0
豆粕,m2609,09,20260327,3023.0
豆粕,m2609,09,20260330,3003.0
豆粕,m2609,09,20260331,2988.0
豆粕,m2609,09,20260401,2962.0
豆粕,m2609,09,20260402,2964.0
豆粕,m2609,09,20260403,2949.0
豆粕,m2609,09,20260407,2963.0
豆粕,m2609,09,20260408,2962.0
豆粕,m2609,09,20260409,2971.0
豆粕,m2609,09,20260410,2977.0
豆粕,m2609,09,20260413,2980.0
豆粕,m2609,09,20260414,2977.0
豆粕,m2609,09,20260415,2977.0
豆粕,m2609,09,20260416,2991.0
豆粕,m2609,09,20260417,2958.0
豆粕,m2609,09,20260420,2967.0
豆粕,m2609,09,20260421,2978.0
豆粕,m2609,09,20260422,3026.0
豆粕,m2609,09,20260423,2994.0
豆粕,m2609,09,20260424,2984.0
豆粕,m2609,09,20260427,2993.0
豆粕,m2609,09,20260428,3006.0
豆粕,m2609,09,20260429,3020.0
豆粕,m2609,09,20260430,3021.0
豆粕,m2609,09,20260506,3007.0
豆粕,m2609,09,20260507,2988.0
豆粕,m2609,09,20260508,3003.0
豆粕,m2609,09,20260511,3039.0
豆粕,m2609,09,20260512,3033.0
豆粕,m2609,09,20260513,3048.0
豆粕,m2609,09,20260514,3028.0
豆粕,m2609,09,20260515,2979.0
豆粕,m2609,09,20260518,2985.0
豆粕,m2609,09,20260519,3038.0
豆粕,m2609,09,20260520,3025.0
豆粕,m2609,09,20260521,2993.0
豆粕,m2609,09,20260522,2990.0
豆粕,m2609,09,20260525,2973.0
豆粕,m2609,09,20260526,2971.0
豆粕,m2609,09,20260527,2971.0
豆粕,m2609,09,20260528,2994.0
豆粕,m2609,09,20260529,2991.0
豆粕,m2609,09,20260601,2993.0
豆粕,m2609,09,20260602,2973.0
豆粕,m2609,09,20260603,2976.0
豆粕,m2609,09,20260604,2943.0
豆粕,m2609,09,20260605,2918.0
豆粕,m2609,09,20260608,2905.0
豆粕,m2609,09,20260609,2895.0
豆粕,m2609,09,20260610,2918.0
豆粕,m2609,09,20260611,2939.0
豆粕,m2609,09,20260612,2941.0
豆粕,m2609,09,20260615,2941.0
豆粕,m2609,09,20260616,2945.0
豆粕,m2609,09,20260617,2957.0
豆粕,m2609,09,20260618,2942.0
豆粕,m2609,09,20260622,2934.0
豆粕,m2609,09,20260623,2947.0
豆粕,m2609,09,20260624,2952.0
豆粕,m2609,09,20260625,2958.0
豆粕,m2609,09,20260626,2974.0
豆粕,m2609,09,20260629,2967.0
豆粕,m2609,09,20260630,2943.0
豆粕,m2609,09,20260701,2965.0
豆粕,m2609,09,20260702,2977.0
豆粕,m2609,09,20260703,2962.0
豆粕,m2609,09,20260706,3026.0
豆粕,m2609,09,20260707,3045.0
豆粕,m2609,09,20260708,3051.0
豆粕,m2609,09,20260709,3052.0
豆粕,m2609,09,20260710,3049.0
豆粕,m2609,09,20260713,3050.0
豆粕,m2609,09,20260714,3049.0
豆粕,m2609,09,20260715,3066.0
豆粕,m2609,09,20260716,3067.0
豆粕,m2609,09,20260717,3061.0
豆粕,m2609,09,20260720,3129.0
豆粕,m2609,09,20260721,3148.0
豆粕,m2609,09,20260722,3146.0
豆粕,m2609,09,20260723,3175.0
豆粕,m2609,09,20260724,3225.0
豆粕,m2609,09,20260727,3164.0
豆粕,m2609,09,20260728,3101.0
豆粕,m2609,09,20260729,3109.0
豆粕,m2609,09,20260730,3074.0
豆粕,m2609,09,20260731,3071.0
豆粕,m2609,09,20260803,3067.0
豆粕,m2609,09,20260804,3079.0
豆粕,m2609,09,20260805,3070.0
豆粕,m2609,09,20260806,3089.0
豆粕,m2609,09,20260807,3103.0
豆粕,m2609,09,20260810,3099.0
豆粕,m2609,09,20260811,3092.0
豆粕,m2609,09,20260812,3097.0
豆粕,m2609,09,20260813,3110.0
豆粕,m2609,09,20260814,3120.0
豆粕,m2609,09,20260817,3131.0
豆粕,m2609,09,20260818,3200.0
豆粕,m2609,09,20260819,3214.0
豆粕,m2609,09,20260820,3233.0
豆粕,m2609,09,20260821,3190.0
豆粕,m2609,09,20260824,3184.0
豆粕,m2609,09,20260825,3195.0
豆粕,m2609,09,20260826,3266.0
豆粕,m2609,09,20260827,3324.0
豆粕,m2609,09,20260828,3312.0
豆粕,m2609,09,20260831,3337.0
豆粕,m2609,09,20260901,3347.0
豆粕,m2609,09,20260902,3318.0
豆粕,m2609,09,20260903,3350.0
豆粕,m2611,11,20260105,2876.0
豆粕,m2611,11,20260106,2888.0
豆粕,m2611,11,20260107,2907.0
豆粕,m2611,11,20260108,2895.0
豆粕,m2611,11,20260109,2896.0
豆粕,m2611,11,20260112,2903.0
豆粕,m2611,11,20260113,2880.0
豆粕,m2611,11,20260114,2876.0
豆粕,m2611,11,20260115,2877.0
豆粕,m2611,11,20260116,2866.0
豆粕,m2611,11,20260119,2869.0
豆粕,m2611,11,20260120,2874.0
豆粕,m2611,11,20260121,2860.0
豆粕,m2611,11,20260122,2883.0
豆粕,m2611,11,20260123,2873.0
豆粕,m2611,11,20260126,2889.0
豆粕,m2611,11,20260127,2878.0
豆粕,m2611,11,20260128,2901.0
豆粕,m2611,11,20260129,2910.0
豆粕,m2611,11,20260130,2888.0
豆粕,m2611,11,20260202,2875.0
豆粕,m2611,11,20260203,2866.0
豆粕,m2611,11,20260204,2864.0
豆粕,m2611,11,20260205,2881.0
豆粕,m2611,11,20260206,2884.0
豆粕,m2611,11,20260209,2884.0
豆粕,m2611,11,20260210,2883.0
豆粕,m2611,11,20260211,2911.0
豆粕,m2611,11,20260212,2921.0
豆粕,m2611,11,20260213,2930.0
豆粕,m2611,11,20260224,2912.0
豆粕,m2611,11,20260225,2959.0
豆粕,m2611,11,20260226,2974.0
豆粕,m2611,11,20260227,2975.0
豆粕,m2611,11,20260302,2978.0
豆粕,m2611,11,20260303,2980.0
豆粕,m2611,11,20260304,2970.0
豆粕,m2611,11,20260305,2980.0
豆粕,m2611,11,20260306,3027.0
豆粕,m2611,11,20260309,3069.0
豆粕,m2611,11,20260310,3045.0
豆粕,m2611,11,20260311,3072.0
豆粕,m2611,11,20260312,3072.0
豆粕,m2611,11,20260313,3042.0
豆粕,m2611,11,20260316,3056.0
豆粕,m2611,11,20260317,3043.0
豆粕,m2611,11,20260318,3021.0
豆粕,m2611,11,20260319,3028.0
豆粕,m2611,11,20260320,3074.0
豆粕,m2611,11,20260323,3069.0
豆粕,m2611,11,20260324,3041.0
豆粕,m2611,11,20260325,3028.0
豆粕,m2611,11,20260326,3052.0
豆粕,m2611,11,20260327,3046.0
豆粕,m2611,11,20260330,3027.0
豆粕,m2611,11,20260331,3011.0
豆粕,m2611,11,20260401,2986.0
豆粕,m2611,11,20260402,2989.0
豆粕,m2611,11,20260403,2973.0
豆粕,m2611,11,20260407,2987.0
豆粕,m2611,11,20260408,2987.0
豆粕,m2611,11,20260409,2994.0
豆粕,m2611,11,20260410,3002.0
豆粕,m2611,11,20260413,3005.0
豆粕,m2611,11,20260414,3000.0
豆粕,m2611,11,20260415,3000.0
豆粕,m2611,11,20260416,3014.0
豆粕,m2611,11,20260417,2980.0
豆粕,m2611,11,20260420,2991.0
豆粕,m2611,11,20260421,3003.0
豆粕,m2611,11,20260422,3049.0
豆粕,m2611,11,20260423,3018.0
豆粕,m2611,11,20260424,3007.0
豆粕,m2611,11,20260427,3016.0
豆粕,m2611,11,20260428,3030.0
豆粕,m2611,11,20260429,3043.0
豆粕,m2611,11,20260430,3044.0
豆粕,m2611,11,20260506,3032.0
豆粕,m2611,11,20260507,3014.0
豆粕,m2611,11,20260508,3027.0
豆粕,m2611,11,20260511,3063.0
豆粕,m2611,11,20260512,3057.0
豆粕,m2611,11,20260513,3072.0
豆粕,m2611,11,20260514,3052.0
豆粕,m2611,11,20260515,3005.0
豆粕,m2611,11,20260518,3011.0
豆粕,m2611,11,20260519,3063.0
豆粕,m2611,11,20260520,3049.0
豆粕,m2611,11,20260521,3020.0
豆粕,m2611,11,20260522,3017.0
豆粕,m2611,11,20260525,3000.0
豆粕,m2611,11,20260526,2998.0
豆粕,m2611,11,20260527,2997.0
豆粕,m2611,11,20260528,3019.0
豆粕,m2611,11,20260529,3014.0
豆粕,m2611,11,20260601,3018.0
豆粕,m2611,11,20260602,2998.0
豆粕,m2611,11,20260603,3002.0
豆粕,m2611,11,20260604,2971.0
豆粕,m2611,11,20260605,2946.0
豆粕,m2611,11,20260608,2935.0
豆粕,m2611,11,20260609,2927.0
豆粕,m2611,11,20260610,2948.0
豆粕,m2611,11,20260611,2966.0
豆粕,m2611,11,20260612,2968.0
豆粕,m2611,11,20260615,2968.0
豆粕,m2611,11,20260616,2971.0
豆粕,m2611,11,20260617,2986.0
豆粕,m2611,11,20260618,2975.0
豆粕,m2611,11,20260622,2967.0
豆粕,m2611,11,20260623,2975.0
豆粕,m2611,11,20260624,2981.0
豆粕,m2611,11,20260625,2984.0
豆粕,m2611,11,20260626,2999.0
豆粕,m2611,11,20260629,2995.0
豆粕,m2611,11,20260630,2969.0
豆粕,m2611,11,20260701,2988.0
豆粕,m2611,11,20260702,3003.0
豆粕,m2611,11,20260703,2989.0
豆粕,m2611,11,20260706,3050.0
豆粕,m2611,11,20260707,3070.0
豆粕,m2611,11,20260708,3081.0
豆粕,m2611,11,20260709,3079.0
豆粕,m2611,11,20260710,3079.0
豆粕,m2611,11,20260713,3080.0
豆粕,m2611,11,20260714,3078.0
豆粕,m2611,11,20260715,3097.0
豆粕,m2611,11,20260716,3099.0
豆粕,m2611,11,20260717,3093.0
豆粕,m2611,11,20260720,3163.0
豆粕,m2611,11,20260721,3182.0
豆粕,m2611,11,20260722,3182.0
豆粕,m2611,11,20260723,3212.0
豆粕,m2611,11,20260724,3259.0
豆粕,m2611,11,20260727,3200.0
豆粕,m2611,11,20260728,3137.0
豆粕,m2611,11,20260729,3145.0
豆粕,m2611,11,20260730,3113.0
豆粕,m2611,11,20260731,3109.0
豆粕,m2611,11,20260803,3105.0
豆粕,m2611,11,20260804,3117.0
豆粕,m2611,11,20260805,3108.0
豆粕,m2611,11,20260806,3128.0
豆粕,m2611,11,20260807,3142.0
豆粕,m2611,11,20260810,3137.0
豆粕,m2611,11,20260811,3131.0
豆粕,m2611,11,20260812,3134.0
豆粕,m2611,11,20260813,3149.0
豆粕,m2611,11,20260814,3160.0
豆粕,m2611,11,20260817,3173.0
豆粕,m2611,11,20260818,3243.0
豆粕,m2611,11,20260819,3256.0
豆粕,m2611,11,20260820,3276.0
豆粕,m2611,11,20260821,3234.0
豆粕,m2611,11,20260824,3226.0
豆粕,m2611,11,20260825,3237.0
豆粕,m2611,11,20260826,3304.0
豆粕,m2611,11,20260827,3363.0
豆粕,m2611,11,20260828,3335.0
豆粕,m2611,11,20260831,3339.0
豆粕,m2611,11,20260901,3360.0
豆粕,m2611,11,20260902,3341.0
豆粕,m2611,11,20260903,3360.0
豆粕,m2701,01,20260119,2897.0
豆粕,m2701,01,20260120,2903.0
豆粕,m2701,01,20260121,2895.0
豆粕,m2701,01,20260122,2906.0
豆粕,m2701,01,20260123,2902.0
豆粕,m2701,01,20260126,2916.0
豆粕,m2701,01,20260127,2908.0
豆粕,m2701,01,20260128,2921.0
豆粕,m2701,01,20260129,2933.0
豆粕,m2701,01,20260130,2913.0
豆粕,m2701,01,20260202,2901.0
豆粕,m2701,01,20260203,2893.0
豆粕,m2701,01,20260204,2890.0
豆粕,m2701,01,20260205,2924.0
豆粕,m2701,01,20260206,2928.0
豆粕,m2701,01,20260209,2926.0
豆粕,m2701,01,20260210,2924.0
豆粕,m2701,01,20260211,2950.0
豆粕,m2701,01,20260212,2962.0
豆粕,m2701,01,20260213,2964.0
豆粕,m2701,01,20260224,2950.0
豆粕,m2701,01,20260225,2989.0
豆粕,m2701,01,20260226,3008.0
豆粕,m2701,01,20260227,3006.0
豆粕,m2701,01,20260302,3008.0
豆粕,m2701,01,20260303,3014.0
豆粕,m2701,01,20260304,3003.0
豆粕,m2701,01,20260305,3013.0
豆粕,m2701,01,20260306,3056.0
豆粕,m2701,01,20260309,3092.0
豆粕,m2701,01,20260310,3066.0
豆粕,m2701,01,20260311,3074.0
豆粕,m2701,01,20260312,3078.0
豆粕,m2701,01,20260313,3048.0
豆粕,m2701,01,20260316,3065.0
豆粕,m2701,01,20260317,3048.0
豆粕,m2701,01,20260318,3040.0
豆粕,m2701,01,20260319,3049.0
豆粕,m2701,01,20260320,3085.0
豆粕,m2701,01,20260323,3086.0
豆粕,m2701,01,20260324,3061.0
豆粕,m2701,01,20260325,3048.0
豆粕,m2701,01,20260326,3064.0
豆粕,m2701,01,20260327,3057.0
豆粕,m2701,01,20260330,3041.0
豆粕,m2701,01,20260331,3029.0
豆粕,m2701,01,20260401,3013.0
豆粕,m2701,01,20260402,3014.0
豆粕,m2701,01,20260403,3005.0
豆粕,m2701,01,20260407,3016.0
豆粕,m2701,01,20260408,3015.0
豆粕,m2701,01,20260409,3022.0
豆粕,m2701,01,20260410,3025.0
豆粕,m2701,01,20260413,3030.0
豆粕,m2701,01,20260414,3024.0
豆粕,m2701,01,20260415,3020.0
豆粕,m2701,01,20260416,3037.0
豆粕,m2701,01,20260417,3003.0
豆粕,m2701,01,20260420,3013.0
豆粕,m2701,01,20260421,3021.0
豆粕,m2701,01,20260422,3066.0
豆粕,m2701,01,20260423,3036.0
豆粕,m2701,01,20260424,3023.0
豆粕,m2701,01,20260427,3035.0
豆粕,m2701,01,20260428,3047.0
豆粕,m2701,01,20260429,3065.0
豆粕,m2701,01,20260430,3065.0
豆粕,m2701,01,20260506,3050.0
豆粕,m2701,01,20260507,3032.0
豆粕,m2701,01,20260508,3046.0
豆粕,m2701,01,20260511,3085.0
豆粕,m2701,01,20260512,3081.0
豆粕,m2701,01,20260513,3098.0
豆粕,m2701,01,20260514,3078.0
豆粕,m2701,01,20260515,3041.0
豆粕,m2701,01,20260518,3049.0
豆粕,m2701,01,20260519,3093.0
豆粕,m2701,01,20260520,3074.0
豆粕,m2701,01,20260521,3050.0
豆粕,m2701,01,20260522,3050.0
豆粕,m2701,01,20260525,3038.0
豆粕,m2701,01,20260526,3041.0
豆粕,m2701,01,20260527,3041.0
豆粕,m2701,01,20260528,3058.0
豆粕,m2701,01,20260529,3052.0
豆粕,m2701,01,20260601,3053.0
豆粕,m2701,01,20260602,3037.0
豆粕,m2701,01,20260603,3040.0
豆粕,m2701,01,20260604,3016.0
豆粕,m2701,01,20260605,2993.0
豆粕,m2701,01,20260608,2983.0
豆粕,m2701,01,20260609,2972.0
豆粕,m2701,01,20260610,2995.0
豆粕,m2701,01,20260611,3006.0
豆粕,m2701,01,20260612,3005.0
豆粕,m2701,01,20260615,3000.0
豆粕,m2701,01,20260616,3000.0
豆粕,m2701,01,20260617,3018.0
豆粕,m2701,01,20260618,3012.0
豆粕,m2701,01,20260622,2997.0
豆粕,m2701,01,20260623,3002.0
豆粕,m2701,01,20260624,3008.0
豆粕,m2701,01,20260625,3011.0
豆粕,m2701,01,20260626,3024.0
豆粕,m2701,01,20260629,3022.0
豆粕,m2701,01,20260630,3005.0
豆粕,m2701,01,20260701,3020.0
豆粕,m2701,01,20260702,3038.0
豆粕,m2701,01,20260703,3031.0
豆粕,m2701,01,20260706,3081.0
豆粕,m2701,01,20260707,3101.0
豆粕,m2701,01,20260708,3111.0
豆粕,m2701,01,20260709,3110.0
豆粕,m2701,01,20260710,3105.0
豆粕,m2701,01,20260713,3117.0
豆粕,m2701,01,20260714,3117.0
豆粕,m2701,01,20260715,3132.0
豆粕,m2701,01,20260716,3137.0
豆粕,m2701,01,20260717,3129.0
豆粕,m2701,01,20260720,3184.0
豆粕,m2701,01,20260721,3201.0
豆粕,m2701,01,20260722,3200.0
豆粕,m2701,01,20260723,3233.0
豆粕,m2701,01,20260724,3270.0
豆粕,m2701,01,20260727,3216.0
豆粕,m2701,01,20260728,3159.0
豆粕,m2701,01,20260729,3173.0
豆粕,m2701,01,20260730,3137.0
豆粕,m2701,01,20260731,3131.0
豆粕,m2701,01,20260803,3126.0
豆粕,m2701,01,20260804,3135.0
豆粕,m2701,01,20260805,3123.0
豆粕,m2701,01,20260806,3134.0
豆粕,m2701,01,20260807,3154.0
豆粕,m2701,01,20260810,3148.0
豆粕,m2701,01,20260811,3140.0
豆粕,m2701,01,20260812,3142.0
豆粕,m2701,01,20260813,3152.0
豆粕,m2701,01,20260814,3165.0
豆粕,m2701,01,20260817,3176.0
豆粕,m2701,01,20260818,3241.0
豆粕,m2701,01,20260819,3246.0
豆粕,m2701,01,20260820,3267.0
豆粕,m2701,01,20260821,3228.0
豆粕,m2701,01,20260824,3232.0
豆粕,m2701,01,20260825,3245.0
豆粕,m2701,01,20260826,3297.0
豆粕,m2701,01,20260827,3355.0
豆粕,m2701,01,20260828,3340.0
豆粕,m2701,01,20260831,3350.0
豆粕,m2701,01,20260901,3377.0
豆粕,m2701,01,20260902,3361.0
豆粕,m2701,01,20260903,3382.0
豆粕,m2703,03,20260316,2993.0
豆粕,m2703,03,20260317,2931.0
豆粕,m2703,03,20260318,2941.0
豆粕,m2703,03,20260319,2962.0
豆粕,m2703,03,20260320,2993.0
豆粕,m2703,03,20260323,3012.0
豆粕,m2703,03,20260324,2973.0
豆粕,m2703,03,20260325,2970.0
豆粕,m2703,03,20260326,2988.0
豆粕,m2703,03,20260327,2978.0
豆粕,m2703,03,20260330,2969.0
豆粕,m2703,03,20260331,2953.0
豆粕,m2703,03,20260401,2925.0
豆粕,m2703,03,20260402,2939.0
豆粕,m2703,03,20260403,2923.0
豆粕,m2703,03,20260407,2925.0
豆粕,m2703,03,20260408,2923.0
豆粕,m2703,03,20260409,2934.0
豆粕,m2703,03,20260410,2947.0
豆粕,m2703,03,20260413,2951.0
豆粕,m2703,03,20260414,2945.0
豆粕,m2703,03,20260415,2942.0
豆粕,m2703,03,20260416,2959.0
豆粕,m2703,03,20260417,2931.0
豆粕,m2703,03,20260420,2940.0
豆粕,m2703,03,20260421,2949.0
豆粕,m2703,03,20260422,2982.0
豆粕,m2703,03,20260423,2965.0
豆粕,m2703,03,20260424,2940.0
豆粕,m2703,03,20260427,2952.0
豆粕,m2703,03,20260428,2967.0
豆粕,m2703,03,20260429,2987.0
豆粕,m2703,03,20260430,2989.0
豆粕,m2703,03,20260506,2975.0
豆粕,m2703,03,20260507,2965.0
豆粕,m2703,03,20260508,2987.0
豆粕,m2703,03,20260511,3022.0
豆粕,m2703,03,20260512,3025.0
豆粕,m2703,03,20260513,3054.0
豆粕,m2703,03,20260514,3026.0
豆粕,m2703,03,20260515,2995.0
豆粕,m2703,03,20260518,3006.0
豆粕,m2703,03,20260519,3042.0
豆粕,m2703,03,20260520,3011.0
豆粕,m2703,03,20260521,2990.0
豆粕,m2703,03,20260522,2985.0
豆粕,m2703,03,20260525,2973.0
豆粕,m2703,03,20260526,2978.0
豆粕,m2703,03,20260527,2977.0
豆粕,m2703,03,20260528,2987.0
豆粕,m2703,03,20260529,2980.0
豆粕,m2703,03,20260601,2982.0
豆粕,m2703,03,20260602,2970.0
豆粕,m2703,03,20260603,2974.0
豆粕,m2703,03,20260604,2954.0
豆粕,m2703,03,20260605,2933.0
豆粕,m2703,03,20260608,2927.0
豆粕,m2703,03,20260609,2918.0
豆粕,m2703,03,20260610,2932.0
豆粕,m2703,03,20260611,2940.0
豆粕,m2703,03,20260612,2943.0
豆粕,m2703,03,20260615,2941.0
豆粕,m2703,03,20260616,2941.0
豆粕,m2703,03,20260617,2955.0
豆粕,m2703,03,20260618,2949.0
豆粕,m2703,03,20260622,2941.0
豆粕,m2703,03,20260623,2941.0
豆粕,m2703,03,20260624,2946.0
豆粕,m2703,03,20260625,2947.0
豆粕,m2703,03,20260626,2964.0
豆粕,m2703,03,20260629,2962.0
豆粕,m2703,03,20260630,2944.0
豆粕,m2703,03,20260701,2957.0
豆粕,m2703,03,20260702,2970.0
豆粕,m2703,03,20260703,2965.0
豆粕,m2703,03,20260706,3006.0
豆粕,m2703,03,20260707,3021.0
豆粕,m2703,03,20260708,3029.0
豆粕,m2703,03,20260709,3026.0
豆粕,m2703,03,20260710,3028.0
豆粕,m2703,03,20260713,3029.0
豆粕,m2703,03,20260714,3033.0
豆粕,m2703,03,20260715,3043.0
豆粕,m2703,03,20260716,3049.0
豆粕,m2703,03,20260717,3040.0
豆粕,m2703,03,20260720,3095.0
豆粕,m2703,03,20260721,3122.0
豆粕,m2703,03,20260722,3123.0
豆粕,m2703,03,20260723,3148.0
豆粕,m2703,03,20260724,3183.0
豆粕,m2703,03,20260727,3138.0
豆粕,m2703,03,20260728,3096.0
豆粕,m2703,03,20260729,3106.0
豆粕,m2703,03,20260730,3076.0
豆粕,m2703,03,20260731,3074.0
豆粕,m2703,03,20260803,3062.0
豆粕,m2703,03,20260804,3074.0
豆粕,m2703,03,20260805,3061.0
豆粕,m2703,03,20260806,3068.0
豆粕,m2703,03,20260807,3084.0
豆粕,m2703,03,20260810,3086.0
豆粕,m2703,03,20260811,3081.0
豆粕,m2703,03,20260812,3085.0
豆粕,m2703,03,20260813,3094.0
豆粕,m2703,03,20260814,3108.0
豆粕,m2703,03,20260817,3119.0
豆粕,m2703,03,20260818,3176.0
豆粕,m2703,03,20260819,3188.0
豆粕,m2703,03,20260820,3209.0
豆粕,m2703,03,20260821,3176.0
豆粕,m2703,03,20260824,3186.0
豆粕,m2703,03,20260825,3206.0
豆粕,m2703,03,20260826,3252.0
豆粕,m2703,03,20260827,3319.0
豆粕,m2703,03,20260828,3297.0
豆粕,m2703,03,20260831,3307.0
豆粕,m2703,03,20260901,3326.0
豆粕,m2703,03,20260902,3307.0
豆粕,m2703,03,20260903,3324.0
豆粕,m2705,05,20260520,2838.0
豆粕,m2705,05,20260521,2815.0
豆粕,m2705,05,20260522,2810.0
豆粕,m2705,05,20260525,2813.0
豆粕,m2705,05,20260526,2811.0
豆粕,m2705,05,20260527,2801.0
豆粕,m2705,05,20260528,2802.0
豆粕,m2705,05,20260529,2792.0
豆粕,m2705,05,20260601,2800.0
豆粕,m2705,05,20260602,2793.0
豆粕,m2705,05,20260603,2793.0
豆粕,m2705,05,20260604,2777.0
豆粕,m2705,05,20260605,2757.0
豆粕,m2705,05,20260608,2752.0
豆粕,m2705,05,20260609,2746.0
豆粕,m2705,05,20260610,2753.0
豆粕,m2705,05,20260611,2758.0
豆粕,m2705,05,20260612,2759.0
豆粕,m2705,05,20260615,2763.0
豆粕,m2705,05,20260616,2760.0
豆粕,m2705,05,20260617,2773.0
豆粕,m2705,05,20260618,2768.0
豆粕,m2705,05,20260622,2762.0
豆粕,m2705,05,20260623,2759.0
豆粕,m2705,05,20260624,2764.0
豆粕,m2705,05,20260625,2769.0
豆粕,m2705,05,20260626,2787.0
豆粕,m2705,05,20260629,2787.0
豆粕,m2705,05,20260630,2774.0
豆粕,m2705,05,20260701,2780.0
豆粕,m2705,05,20260702,2788.0
豆粕,m2705,05,20260703,2784.0
豆粕,m2705,05,20260706,2818.0
豆粕,m2705,05,20260707,2830.0
豆粕,m2705,05,20260708,2834.0
豆粕,m2705,05,20260709,2832.0
豆粕,m2705,05,20260710,2832.0
豆粕,m2705,05,20260713,2831.0
豆粕,m2705,05,20260714,2831.0
豆粕,m2705,05,20260715,2836.0
豆粕,m2705,05,20260716,2835.0
豆粕,m2705,05,20260717,2826.0
豆粕,m2705,05,20260720,2859.0
豆粕,m2705,05,20260721,2866.0
豆粕,m2705,05,20260722,2866.0
豆粕,m2705,05,20260723,2892.0
豆粕,m2705,05,20260724,2932.0
豆粕,m2705,05,20260727,2895.0
豆粕,m2705,05,20260728,2860.0
豆粕,m2705,05,20260729,2867.0
豆粕,m2705,05,20260730,2842.0
豆粕,m2705,05,20260731,2838.0
豆粕,m2705,05,20260803,2825.0
豆粕,m2705,05,20260804,2834.0
豆粕,m2705,05,20260805,2823.0
豆粕,m2705,05,20260806,2822.0
豆粕,m2705,05,20260807,2834.0
豆粕,m2705,05,20260810,2833.0
豆粕,m2705,05,20260811,2833.0
豆粕,m2705,05,20260812,2834.0
豆粕,m2705,05,20260813,2847.0
豆粕,m2705,05,20260814,2861.0
豆粕,m2705,05,20260817,2866.0
豆粕,m2705,05,20260818,2910.0
豆粕,m2705,05,20260819,2910.0
豆粕,m2705,05,20260820,2936.0
豆粕,m2705,05,20260821,2913.0
豆粕,m2705,05,20260824,2919.0
豆粕,m2705,05,20260825,2931.0
豆粕,m2705,05,20260826,2972.0
豆粕,m2705,05,20260827,3026.0
豆粕,m2705,05,20260828,3018.0
豆粕,m2705,05,20260831,3014.0
豆粕,m2705,05,20260901,3037.0
豆粕,m2705,05,20260902,3021.0
豆粕,m2705,05,20260903,3002.0
豆粕,m2707,07,20260724,2924.0
豆粕,m2707,07,20260727,2880.0
豆粕,m2707,07,20260728,2834.0
豆粕,m2707,07,20260729,2845.0
豆粕,m2707,07,20260730,2824.0
豆粕,m2707,07,20260731,2819.0
豆粕,m2707,07,20260803,2794.0
豆粕,m2707,07,20260804,2802.0
豆粕,m2707,07,20260805,2794.0
豆粕,m2707,07,20260806,2799.0
豆粕,m2707,07,20260807,2811.0
豆粕,m2707,07,20260810,2807.0
豆粕,m2707,07,20260811,2807.0
豆粕,m2707,07,20260812,2812.0
豆粕,m2707,07,20260813,2828.0
豆粕,m2707,07,20260814,2836.0
豆粕,m2707,07,20260817,2841.0
豆粕,m2707,07,20260818,2877.0
豆粕,m2707,07,20260819,2876.0
豆粕,m2707,07,20260820,2895.0
豆粕,m2707,07,20260821,2868.0
豆粕,m2707,07,20260824,2877.0
豆粕,m2707,07,20260825,2885.0
豆粕,m2707,07,20260826,2918.0
豆粕,m2707,07,20260827,2970.0
豆粕,m2707,07,20260828,2970.0
豆粕,m2707,07,20260831,2980.0
豆粕,m2707,07,20260901,2991.0
豆粕,m2707,07,20260902,2972.0
豆粕,m2707,07,20260903,2956.0
