日期,品种,合约,合约月份,席位,多头持仓,空头持仓,净持仓,净持仓方向,多头增减仓,空头增减仓
20260121,菜油,OI2609,09,中粮期货,865,4507,-3642,净空,617,1386
20260121,菜油,OI2609,09,乾坤期货,0,0,0,持平,0,0
20260121,菜油,OI2609,09,摩根大通期货,0,0,0,持平,0,0
20260121,菜油,OI2609,09,瑞银期货,5147,0,5147,净多,1534,0
20260122,菜油,OI2609,09,中粮期货,857,4865,-4008,净空,-8,358
20260122,菜油,OI2609,09,乾坤期货,0,0,0,持平,0,0
20260122,菜油,OI2609,09,摩根大通期货,0,0,0,持平,0,0
20260122,菜油,OI2609,09,瑞银期货,5147,0,5147,净多,0,0
20260123,菜油,OI2609,09,中粮期货,1082,4865,-3783,净空,225,0
20260123,菜油,OI2609,09,乾坤期货,0,0,0,持平,0,0
20260123,菜油,OI2609,09,摩根大通期货,0,0,0,持平,0,0
20260123,菜油,OI2609,09,瑞银期货,4009,0,4009,净多,-1138,0
20260126,菜油,OI2609,09,中粮期货,1799,6214,-4415,净空,717,1349
20260126,菜油,OI2609,09,乾坤期货,0,0,0,持平,0,0
20260126,菜油,OI2609,09,摩根大通期货,0,0,0,持平,0,0
20260126,菜油,OI2609,09,瑞银期货,654,0,654,净多,-3355,0
20260127,菜油,OI2609,09,中粮期货,1561,6444,-4883,净空,-238,230
20260127,菜油,OI2609,09,乾坤期货,0,0,0,持平,0,0
20260127,菜油,OI2609,09,摩根大通期货,0,0,0,持平,0,0
20260127,菜油,OI2609,09,瑞银期货,664,0,664,净多,10,0
20260128,菜油,OI2609,09,中粮期货,1607,6523,-4916,净空,46,79
20260128,菜油,OI2609,09,乾坤期货,0,0,0,持平,0,0
20260128,菜油,OI2609,09,摩根大通期货,0,0,0,持平,0,0
20260128,菜油,OI2609,09,瑞银期货,735,0,735,净多,71,0
20260129,菜油,OI2609,09,中粮期货,1437,6615,-5178,净空,-170,92
20260129,菜油,OI2609,09,乾坤期货,0,0,0,持平,0,0
20260129,菜油,OI2609,09,摩根大通期货,0,0,0,持平,0,0
20260129,菜油,OI2609,09,瑞银期货,735,0,735,净多,0,0
20260130,菜油,OI2609,09,中粮期货,1708,6830,-5122,净空,271,215
20260130,菜油,OI2609,09,乾坤期货,0,0,0,持平,0,0
20260130,菜油,OI2609,09,摩根大通期货,0,0,0,持平,0,0
20260130,菜油,OI2609,09,瑞银期货,753,0,753,净多,18,0
20260202,菜油,OI2609,09,中粮期货,1959,6697,-4738,净空,251,-133
20260202,菜油,OI2609,09,乾坤期货,0,0,0,持平,0,0
20260202,菜油,OI2609,09,摩根大通期货,0,0,0,持平,0,0
20260202,菜油,OI2609,09,瑞银期货,753,0,753,净多,0,0
20260203,菜油,OI2609,09,中粮期货,2189,7031,-4842,净空,230,334
20260203,菜油,OI2609,09,乾坤期货,0,0,0,持平,0,0
20260203,菜油,OI2609,09,摩根大通期货,0,0,0,持平,0,0
20260203,菜油,OI2609,09,瑞银期货,746,0,746,净多,-7,0
20260204,菜油,OI2609,09,中粮期货,2229,7220,-4991,净空,40,189
20260204,菜油,OI2609,09,乾坤期货,0,0,0,持平,0,0
20260204,菜油,OI2609,09,摩根大通期货,0,0,0,持平,0,0
20260204,菜油,OI2609,09,瑞银期货,739,0,739,净多,-7,0
20260205,菜油,OI2609,09,中粮期货,3014,7102,-4088,净空,785,-118
20260205,菜油,OI2609,09,乾坤期货,0,0,0,持平,0,0
20260205,菜油,OI2609,09,摩根大通期货,0,0,0,持平,0,0
20260205,菜油,OI2609,09,瑞银期货,739,0,739,净多,0,0
20260206,菜油,OI2609,09,中粮期货,3350,7236,-3886,净空,336,134
20260206,菜油,OI2609,09,乾坤期货,0,0,0,持平,0,0
20260206,菜油,OI2609,09,摩根大通期货,0,0,0,持平,0,0
20260206,菜油,OI2609,09,瑞银期货,739,0,739,净多,0,0
20260209,菜油,OI2609,09,中粮期货,3220,7329,-4109,净空,-130,93
20260209,菜油,OI2609,09,乾坤期货,0,0,0,持平,0,0
20260209,菜油,OI2609,09,摩根大通期货,0,0,0,持平,0,0
20260209,菜油,OI2609,09,瑞银期货,738,0,738,净多,-1,0
20260210,菜油,OI2609,09,中粮期货,3012,7400,-4388,净空,-208,71
20260210,菜油,OI2609,09,乾坤期货,0,0,0,持平,0,0
20260210,菜油,OI2609,09,摩根大通期货,0,0,0,持平,0,0
20260210,菜油,OI2609,09,瑞银期货,738,0,738,净多,0,0
20260211,菜油,OI2609,09,中粮期货,2779,6361,-3582,净空,-233,-1039
20260211,菜油,OI2609,09,乾坤期货,0,0,0,持平,0,0
20260211,菜油,OI2609,09,摩根大通期货,0,0,0,持平,0,0
20260211,菜油,OI2609,09,瑞银期货,738,0,738,净多,0,0
20260212,菜油,OI2609,09,中粮期货,2611,6163,-3552,净空,-168,-198
20260212,菜油,OI2609,09,乾坤期货,0,0,0,持平,0,0
20260212,菜油,OI2609,09,摩根大通期货,0,0,0,持平,0,0
20260212,菜油,OI2609,09,瑞银期货,738,0,738,净多,0,0
20260213,菜油,OI2609,09,中粮期货,2497,5832,-3335,净空,-114,-331
20260213,菜油,OI2609,09,乾坤期货,0,0,0,持平,0,0
20260213,菜油,OI2609,09,摩根大通期货,0,0,0,持平,0,0
20260213,菜油,OI2609,09,瑞银期货,738,0,738,净多,0,0
20260224,菜油,OI2609,09,中粮期货,2532,6112,-3580,净空,35,280
20260224,菜油,OI2609,09,乾坤期货,0,0,0,持平,0,0
20260224,菜油,OI2609,09,摩根大通期货,0,0,0,持平,0,0
20260224,菜油,OI2609,09,瑞银期货,738,0,738,净多,0,0
20260225,菜油,OI2609,09,中粮期货,2413,6442,-4029,净空,-119,330
20260225,菜油,OI2609,09,乾坤期货,0,0,0,持平,0,0
20260225,菜油,OI2609,09,摩根大通期货,0,0,0,持平,0,0
20260225,菜油,OI2609,09,瑞银期货,738,0,738,净多,0,0
20260226,菜油,OI2609,09,中粮期货,2450,5966,-3516,净空,37,-476
20260226,菜油,OI2609,09,乾坤期货,0,0,0,持平,0,0
20260226,菜油,OI2609,09,摩根大通期货,0,0,0,持平,0,0
20260226,菜油,OI2609,09,瑞银期货,738,0,738,净多,0,0
20260227,菜油,OI2609,09,中粮期货,2340,5927,-3587,净空,-110,-39
20260227,菜油,OI2609,09,乾坤期货,0,0,0,持平,0,0
20260227,菜油,OI2609,09,摩根大通期货,0,0,0,持平,0,0
20260227,菜油,OI2609,09,瑞银期货,738,0,738,净多,0,0
20260302,菜油,OI2609,09,中粮期货,2364,7490,-5126,净空,24,1563
20260302,菜油,OI2609,09,乾坤期货,0,0,0,持平,0,0
20260302,菜油,OI2609,09,摩根大通期货,0,0,0,持平,0,0
20260302,菜油,OI2609,09,瑞银期货,706,0,706,净多,-32,0
20260303,菜油,OI2609,09,中粮期货,3085,7775,-4690,净空,721,285
20260303,菜油,OI2609,09,乾坤期货,0,0,0,持平,0,0
20260303,菜油,OI2609,09,摩根大通期货,0,0,0,持平,0,0
20260303,菜油,OI2609,09,瑞银期货,706,1500,-794,净空,0,1500
20260304,菜油,OI2609,09,中粮期货,3837,8358,-4521,净空,752,583
20260304,菜油,OI2609,09,乾坤期货,0,0,0,持平,0,0
20260304,菜油,OI2609,09,摩根大通期货,0,0,0,持平,0,0
20260304,菜油,OI2609,09,瑞银期货,706,2000,-1294,净空,0,500
20260305,菜油,OI2609,09,中粮期货,4143,8437,-4294,净空,306,79
20260305,菜油,OI2609,09,乾坤期货,0,0,0,持平,0,0
20260305,菜油,OI2609,09,摩根大通期货,0,0,0,持平,0,0
20260305,菜油,OI2609,09,瑞银期货,657,2000,-1343,净空,-49,0
20260306,菜油,OI2609,09,中粮期货,4371,10107,-5736,净空,228,1670
20260306,菜油,OI2609,09,乾坤期货,0,0,0,持平,0,0
20260306,菜油,OI2609,09,摩根大通期货,0,0,0,持平,0,0
20260306,菜油,OI2609,09,瑞银期货,0,2000,-2000,净空,0,0
20260309,菜油,OI2609,09,中粮期货,3531,6118,-2587,净空,-840,-3989
20260309,菜油,OI2609,09,乾坤期货,0,0,0,持平,0,0
20260309,菜油,OI2609,09,摩根大通期货,0,0,0,持平,0,0
20260309,菜油,OI2609,09,瑞银期货,0,0,0,持平,0,0
20260310,菜油,OI2609,09,中粮期货,3808,6243,-2435,净空,277,125
20260310,菜油,OI2609,09,乾坤期货,0,0,0,持平,0,0
20260310,菜油,OI2609,09,摩根大通期货,0,0,0,持平,0,0
20260310,菜油,OI2609,09,瑞银期货,587,0,587,净多,0,0
20260311,菜油,OI2609,09,中粮期货,3778,6200,-2422,净空,-30,-43
20260311,菜油,OI2609,09,乾坤期货,0,0,0,持平,0,0
20260311,菜油,OI2609,09,摩根大通期货,654,0,654,净多,320,0
20260311,菜油,OI2609,09,瑞银期货,0,0,0,持平,0,0
20260312,菜油,OI2609,09,中粮期货,3324,7604,-4280,净空,-454,1404
20260312,菜油,OI2609,09,乾坤期货,0,0,0,持平,0,0
20260312,菜油,OI2609,09,摩根大通期货,1246,0,1246,净多,592,0
20260312,菜油,OI2609,09,瑞银期货,0,0,0,持平,0,0
20260313,菜油,OI2609,09,中粮期货,3401,7526,-4125,净空,77,-78
20260313,菜油,OI2609,09,乾坤期货,0,0,0,持平,0,0
20260313,菜油,OI2609,09,摩根大通期货,844,0,844,净多,-402,0
20260313,菜油,OI2609,09,瑞银期货,0,0,0,持平,0,0
20260316,菜油,OI2609,09,中粮期货,4368,7610,-3242,净空,967,84
20260316,菜油,OI2609,09,乾坤期货,0,0,0,持平,0,0
20260316,菜油,OI2609,09,摩根大通期货,866,0,866,净多,22,0
20260316,菜油,OI2609,09,瑞银期货,0,0,0,持平,0,0
20260317,菜油,OI2609,09,中粮期货,4768,10185,-5417,净空,400,2575
20260317,菜油,OI2609,09,乾坤期货,0,0,0,持平,0,0
20260317,菜油,OI2609,09,摩根大通期货,955,0,955,净多,89,0
20260317,菜油,OI2609,09,瑞银期货,0,0,0,持平,0,0
20260318,菜油,OI2609,09,中粮期货,4749,10175,-5426,净空,-19,-10
20260318,菜油,OI2609,09,乾坤期货,0,0,0,持平,0,0
20260318,菜油,OI2609,09,摩根大通期货,0,0,0,持平,0,0
20260318,菜油,OI2609,09,瑞银期货,0,0,0,持平,0,0
20260319,菜油,OI2609,09,中粮期货,4800,12362,-7562,净空,51,2187
20260319,菜油,OI2609,09,乾坤期货,0,0,0,持平,0,0
20260319,菜油,OI2609,09,摩根大通期货,0,0,0,持平,0,0
20260319,菜油,OI2609,09,瑞银期货,0,0,0,持平,0,0
20260320,菜油,OI2609,09,中粮期货,5186,12636,-7450,净空,386,274
20260320,菜油,OI2609,09,乾坤期货,0,0,0,持平,0,0
20260320,菜油,OI2609,09,摩根大通期货,0,0,0,持平,0,0
20260320,菜油,OI2609,09,瑞银期货,0,0,0,持平,0,0
20260323,菜油,OI2609,09,中粮期货,5019,13777,-8758,净空,-167,1141
20260323,菜油,OI2609,09,乾坤期货,0,0,0,持平,0,0
20260323,菜油,OI2609,09,摩根大通期货,0,0,0,持平,0,0
20260323,菜油,OI2609,09,瑞银期货,0,0,0,持平,0,0
20260324,菜油,OI2609,09,中粮期货,4665,13578,-8913,净空,-354,-199
20260324,菜油,OI2609,09,乾坤期货,0,0,0,持平,0,0
20260324,菜油,OI2609,09,摩根大通期货,821,0,821,净多,-41,0
20260324,菜油,OI2609,09,瑞银期货,0,0,0,持平,0,0
20260325,菜油,OI2609,09,中粮期货,4372,13787,-9415,净空,-293,209
20260325,菜油,OI2609,09,乾坤期货,0,0,0,持平,0,0
20260325,菜油,OI2609,09,摩根大通期货,972,0,972,净多,151,0
20260325,菜油,OI2609,09,瑞银期货,0,0,0,持平,0,0
20260326,菜油,OI2609,09,中粮期货,4437,18848,-14411,净空,65,5061
20260326,菜油,OI2609,09,乾坤期货,0,0,0,持平,0,0
20260326,菜油,OI2609,09,摩根大通期货,4781,0,4781,净多,3809,0
20260326,菜油,OI2609,09,瑞银期货,1347,0,1347,净多,859,0
20260327,菜油,OI2609,09,中粮期货,4341,21008,-16667,净空,-96,2160
20260327,菜油,OI2609,09,乾坤期货,0,0,0,持平,0,0
20260327,菜油,OI2609,09,摩根大通期货,8589,0,8589,净多,3808,0
20260327,菜油,OI2609,09,瑞银期货,2206,0,2206,净多,859,0
20260330,菜油,OI2609,09,中粮期货,3440,21438,-17998,净空,-901,430
20260330,菜油,OI2609,09,乾坤期货,0,0,0,持平,0,0
20260330,菜油,OI2609,09,摩根大通期货,9474,0,9474,净多,885,0
20260330,菜油,OI2609,09,瑞银期货,2932,0,2932,净多,726,0
20260331,菜油,OI2609,09,中粮期货,3080,21761,-18681,净空,-360,323
20260331,菜油,OI2609,09,乾坤期货,0,0,0,持平,0,0
20260331,菜油,OI2609,09,摩根大通期货,10508,0,10508,净多,1034,0
20260331,菜油,OI2609,09,瑞银期货,2932,0,2932,净多,0,0
20260401,菜油,OI2609,09,中粮期货,3057,20761,-17704,净空,-23,-1000
20260401,菜油,OI2609,09,乾坤期货,0,0,0,持平,0,0
20260401,菜油,OI2609,09,摩根大通期货,11486,0,11486,净多,978,0
20260401,菜油,OI2609,09,瑞银期货,2976,0,2976,净多,44,0
20260402,菜油,OI2609,09,中粮期货,4346,20992,-16646,净空,1289,231
20260402,菜油,OI2609,09,乾坤期货,0,0,0,持平,0,0
20260402,菜油,OI2609,09,摩根大通期货,12666,0,12666,净多,1180,0
20260402,菜油,OI2609,09,瑞银期货,2976,0,2976,净多,0,0
20260403,菜油,OI2609,09,中粮期货,3971,20833,-16862,净空,-375,-159
20260403,菜油,OI2609,09,乾坤期货,0,0,0,持平,0,0
20260403,菜油,OI2609,09,摩根大通期货,12803,0,12803,净多,137,0
20260403,菜油,OI2609,09,瑞银期货,2980,0,2980,净多,4,0
20260407,菜油,OI2609,09,中粮期货,3507,21202,-17695,净空,-464,369
20260407,菜油,OI2609,09,乾坤期货,0,0,0,持平,0,0
20260407,菜油,OI2609,09,摩根大通期货,13008,0,13008,净多,205,0
20260407,菜油,OI2609,09,瑞银期货,3945,0,3945,净多,965,0
20260408,菜油,OI2609,09,中粮期货,3719,21266,-17547,净空,212,64
20260408,菜油,OI2609,09,乾坤期货,0,0,0,持平,0,0
20260408,菜油,OI2609,09,摩根大通期货,11401,0,11401,净多,-1607,0
20260408,菜油,OI2609,09,瑞银期货,5141,0,5141,净多,1196,0
20260409,菜油,OI2609,09,中粮期货,3328,21630,-18302,净空,-391,364
20260409,菜油,OI2609,09,乾坤期货,0,0,0,持平,0,0
20260409,菜油,OI2609,09,摩根大通期货,9773,0,9773,净多,-1628,0
20260409,菜油,OI2609,09,瑞银期货,5254,0,5254,净多,113,0
20260410,菜油,OI2609,09,中粮期货,3157,23223,-20066,净空,-171,1593
20260410,菜油,OI2609,09,乾坤期货,0,0,0,持平,0,0
20260410,菜油,OI2609,09,摩根大通期货,9598,1409,8189,净多,-175,584
20260410,菜油,OI2609,09,瑞银期货,6087,0,6087,净多,833,0
20260413,菜油,OI2609,09,中粮期货,3426,26131,-22705,净空,269,2908
20260413,菜油,OI2609,09,乾坤期货,0,0,0,持平,0,0
20260413,菜油,OI2609,09,摩根大通期货,10976,2822,8154,净多,1378,1413
20260413,菜油,OI2609,09,瑞银期货,8059,0,8059,净多,1972,0
20260414,菜油,OI2609,09,中粮期货,3799,27115,-23316,净空,373,984
20260414,菜油,OI2609,09,乾坤期货,0,0,0,持平,0,0
20260414,菜油,OI2609,09,摩根大通期货,13559,2975,10584,净多,2583,153
20260414,菜油,OI2609,09,瑞银期货,8870,0,8870,净多,811,0
20260415,菜油,OI2609,09,中粮期货,4104,31632,-27528,净空,305,4517
20260415,菜油,OI2609,09,乾坤期货,0,0,0,持平,0,0
20260415,菜油,OI2609,09,摩根大通期货,13004,3666,9338,净多,-555,691
20260415,菜油,OI2609,09,瑞银期货,8588,0,8588,净多,-282,0
20260416,菜油,OI2609,09,中粮期货,4364,33526,-29162,净空,260,1894
20260416,菜油,OI2609,09,乾坤期货,0,0,0,持平,0,0
20260416,菜油,OI2609,09,摩根大通期货,12776,4520,8256,净多,-228,854
20260416,菜油,OI2609,09,瑞银期货,8524,0,8524,净多,-64,0
20260417,菜油,OI2609,09,中粮期货,4814,35995,-31181,净空,450,2469
20260417,菜油,OI2609,09,乾坤期货,0,0,0,持平,0,0
20260417,菜油,OI2609,09,摩根大通期货,13063,3354,9709,净多,287,-1166
20260417,菜油,OI2609,09,瑞银期货,8508,0,8508,净多,-16,0
20260420,菜油,OI2609,09,中粮期货,5323,38614,-33291,净空,509,2619
20260420,菜油,OI2609,09,乾坤期货,0,0,0,持平,0,0
20260420,菜油,OI2609,09,摩根大通期货,13607,2611,10996,净多,544,-743
20260420,菜油,OI2609,09,瑞银期货,8472,0,8472,净多,-36,0
20260421,菜油,OI2609,09,中粮期货,4917,38843,-33926,净空,-406,229
20260421,菜油,OI2609,09,乾坤期货,0,0,0,持平,0,0
20260421,菜油,OI2609,09,摩根大通期货,14686,0,14686,净多,1079,0
20260421,菜油,OI2609,09,瑞银期货,8477,0,8477,净多,5,0
20260422,菜油,OI2609,09,中粮期货,4679,41896,-37217,净空,-238,3053
20260422,菜油,OI2609,09,乾坤期货,0,0,0,持平,0,0
20260422,菜油,OI2609,09,摩根大通期货,13622,0,13622,净多,-1064,0
20260422,菜油,OI2609,09,瑞银期货,8637,0,8637,净多,160,0
20260423,菜油,OI2609,09,中粮期货,4876,42798,-37922,净空,197,902
20260423,菜油,OI2609,09,乾坤期货,0,0,0,持平,0,0
20260423,菜油,OI2609,09,摩根大通期货,15182,0,15182,净多,1560,0
20260423,菜油,OI2609,09,瑞银期货,8641,0,8641,净多,4,0
20260424,菜油,OI2609,09,中粮期货,4719,44473,-39754,净空,-157,1675
20260424,菜油,OI2609,09,乾坤期货,0,0,0,持平,0,0
20260424,菜油,OI2609,09,摩根大通期货,19602,0,19602,净多,4420,0
20260424,菜油,OI2609,09,瑞银期货,8782,0,8782,净多,141,0
20260427,菜油,OI2609,09,中粮期货,4320,44840,-40520,净空,-399,367
20260427,菜油,OI2609,09,乾坤期货,0,0,0,持平,0,0
20260427,菜油,OI2609,09,摩根大通期货,20083,0,20083,净多,481,0
20260427,菜油,OI2609,09,瑞银期货,8786,0,8786,净多,4,0
20260428,菜油,OI2609,09,中粮期货,4082,47057,-42975,净空,-238,2217
20260428,菜油,OI2609,09,乾坤期货,0,0,0,持平,0,0
20260428,菜油,OI2609,09,摩根大通期货,21077,0,21077,净多,994,0
20260428,菜油,OI2609,09,瑞银期货,8953,0,8953,净多,167,0
20260429,菜油,OI2609,09,中粮期货,4085,52776,-48691,净空,3,5719
20260429,菜油,OI2609,09,乾坤期货,0,0,0,持平,0,0
20260429,菜油,OI2609,09,摩根大通期货,25134,0,25134,净多,4057,0
20260429,菜油,OI2609,09,瑞银期货,9580,0,9580,净多,627,0
20260430,菜油,OI2609,09,中粮期货,3147,52139,-48992,净空,-938,-637
20260430,菜油,OI2609,09,乾坤期货,0,0,0,持平,0,0
20260430,菜油,OI2609,09,摩根大通期货,27339,0,27339,净多,2205,0
20260430,菜油,OI2609,09,瑞银期货,11138,0,11138,净多,1558,0
20260506,菜油,OI2609,09,中粮期货,3282,53029,-49747,净空,135,890
20260506,菜油,OI2609,09,乾坤期货,0,0,0,持平,0,0
20260506,菜油,OI2609,09,摩根大通期货,28411,0,28411,净多,1072,0
20260506,菜油,OI2609,09,瑞银期货,12884,0,12884,净多,1746,0
20260507,菜油,OI2609,09,中粮期货,2909,54276,-51367,净空,-373,1247
20260507,菜油,OI2609,09,乾坤期货,0,0,0,持平,0,0
20260507,菜油,OI2609,09,摩根大通期货,31606,0,31606,净多,3195,0
20260507,菜油,OI2609,09,瑞银期货,12912,0,12912,净多,28,0
20260508,菜油,OI2609,09,中粮期货,3211,53904,-50693,净空,302,-372
20260508,菜油,OI2609,09,乾坤期货,0,0,0,持平,0,0
20260508,菜油,OI2609,09,摩根大通期货,32291,0,32291,净多,685,0
20260508,菜油,OI2609,09,瑞银期货,12893,0,12893,净多,-19,0
20260511,菜油,OI2609,09,中粮期货,3312,54817,-51505,净空,101,913
20260511,菜油,OI2609,09,乾坤期货,0,0,0,持平,0,0
20260511,菜油,OI2609,09,摩根大通期货,32094,2676,29418,净多,-197,687
20260511,菜油,OI2609,09,瑞银期货,12894,0,12894,净多,1,0
20260512,菜油,OI2609,09,中粮期货,3797,56431,-52634,净空,485,1614
20260512,菜油,OI2609,09,乾坤期货,0,0,0,持平,0,0
20260512,菜油,OI2609,09,摩根大通期货,30257,0,30257,净多,-1837,0
20260512,菜油,OI2609,09,瑞银期货,13112,0,13112,净多,218,0
20260512,菜油,OI2701,01,中粮期货,590,4119,-3529,净空,101,431
20260512,菜油,OI2701,01,乾坤期货,0,0,0,持平,0,0
20260512,菜油,OI2701,01,摩根大通期货,0,0,0,持平,0,0
20260512,菜油,OI2701,01,瑞银期货,474,0,474,净多,0,0
20260513,菜油,OI2609,09,中粮期货,3839,55035,-51196,净空,42,-1396
20260513,菜油,OI2609,09,乾坤期货,0,0,0,持平,0,0
20260513,菜油,OI2609,09,摩根大通期货,30647,2506,28141,净多,390,82
20260513,菜油,OI2609,09,瑞银期货,14052,0,14052,净多,940,0
20260513,菜油,OI2701,01,中粮期货,591,4179,-3588,净空,1,60
20260513,菜油,OI2701,01,乾坤期货,0,0,0,持平,0,0
20260513,菜油,OI2701,01,摩根大通期货,0,0,0,持平,0,0
20260513,菜油,OI2701,01,瑞银期货,474,0,474,净多,0,0
20260514,菜油,OI2609,09,中粮期货,4471,55765,-51294,净空,632,730
20260514,菜油,OI2609,09,乾坤期货,0,0,0,持平,0,0
20260514,菜油,OI2609,09,摩根大通期货,29499,0,29499,净多,-1148,0
20260514,菜油,OI2609,09,瑞银期货,13776,0,13776,净多,-276,0
20260514,菜油,OI2701,01,中粮期货,491,4179,-3688,净空,-100,0
20260514,菜油,OI2701,01,乾坤期货,0,0,0,持平,0,0
20260514,菜油,OI2701,01,摩根大通期货,0,0,0,持平,0,0
20260514,菜油,OI2701,01,瑞银期货,449,0,449,净多,-25,0
20260515,菜油,OI2609,09,中粮期货,5134,53616,-48482,净空,663,-2149
20260515,菜油,OI2609,09,乾坤期货,0,0,0,持平,0,0
20260515,菜油,OI2609,09,摩根大通期货,22674,3015,19659,净多,-6825,1279
20260515,菜油,OI2609,09,瑞银期货,13770,0,13770,净多,-6,0
20260515,菜油,OI2701,01,中粮期货,498,4179,-3681,净空,7,0
20260515,菜油,OI2701,01,乾坤期货,0,0,0,持平,0,0
20260515,菜油,OI2701,01,摩根大通期货,0,0,0,持平,0,0
20260515,菜油,OI2701,01,瑞银期货,449,0,449,净多,0,0
20260518,菜油,OI2609,09,中粮期货,6234,46745,-40511,净空,1100,-6871
20260518,菜油,OI2609,09,乾坤期货,0,0,0,持平,0,0
20260518,菜油,OI2609,09,摩根大通期货,20992,2447,18545,净多,-1682,-568
20260518,菜油,OI2609,09,瑞银期货,12799,0,12799,净多,-971,0
20260518,菜油,OI2701,01,中粮期货,497,4179,-3682,净空,-1,0
20260518,菜油,OI2701,01,乾坤期货,0,0,0,持平,0,0
20260518,菜油,OI2701,01,摩根大通期货,0,0,0,持平,0,0
20260518,菜油,OI2701,01,瑞银期货,449,0,449,净多,0,0
20260519,菜油,OI2609,09,中粮期货,6035,49364,-43329,净空,-199,2619
20260519,菜油,OI2609,09,乾坤期货,0,0,0,持平,0,0
20260519,菜油,OI2609,09,摩根大通期货,23973,0,23973,净多,2981,0
20260519,菜油,OI2609,09,瑞银期货,12499,0,12499,净多,-300,0
20260519,菜油,OI2701,01,中粮期货,493,4108,-3615,净空,-4,-71
20260519,菜油,OI2701,01,乾坤期货,0,0,0,持平,0,0
20260519,菜油,OI2701,01,摩根大通期货,138,0,138,净多,32,0
20260519,菜油,OI2701,01,瑞银期货,449,0,449,净多,0,0
20260520,菜油,OI2609,09,中粮期货,5861,52629,-46768,净空,-174,3265
20260520,菜油,OI2609,09,乾坤期货,0,0,0,持平,0,0
20260520,菜油,OI2609,09,摩根大通期货,25544,0,25544,净多,1571,0
20260520,菜油,OI2609,09,瑞银期货,12482,0,12482,净多,-17,0
20260520,菜油,OI2701,01,中粮期货,601,4124,-3523,净空,108,16
20260520,菜油,OI2701,01,乾坤期货,0,0,0,持平,0,0
20260520,菜油,OI2701,01,摩根大通期货,164,0,164,净多,26,0
20260520,菜油,OI2701,01,瑞银期货,449,0,449,净多,0,0
20260521,菜油,OI2609,09,中粮期货,6771,54315,-47544,净空,910,1686
20260521,菜油,OI2609,09,乾坤期货,0,0,0,持平,0,0
20260521,菜油,OI2609,09,摩根大通期货,23431,0,23431,净多,-2113,0
20260521,菜油,OI2609,09,瑞银期货,12481,0,12481,净多,-1,0
20260521,菜油,OI2701,01,中粮期货,606,4109,-3503,净空,5,-15
20260521,菜油,OI2701,01,乾坤期货,0,0,0,持平,0,0
20260521,菜油,OI2701,01,摩根大通期货,0,0,0,持平,0,0
20260521,菜油,OI2701,01,瑞银期货,449,0,449,净多,0,0
20260522,菜油,OI2609,09,中粮期货,7074,51213,-44139,净空,303,-3102
20260522,菜油,OI2609,09,乾坤期货,0,0,0,持平,0,0
20260522,菜油,OI2609,09,摩根大通期货,19674,3155,16519,净多,-3757,1717
20260522,菜油,OI2609,09,瑞银期货,12123,0,12123,净多,-358,0
20260522,菜油,OI2701,01,中粮期货,520,4104,-3584,净空,-86,-5
20260522,菜油,OI2701,01,乾坤期货,0,0,0,持平,0,0
20260522,菜油,OI2701,01,摩根大通期货,0,0,0,持平,0,0
20260522,菜油,OI2701,01,瑞银期货,418,0,418,净多,-31,0
20260525,菜油,OI2609,09,中粮期货,6655,50642,-43987,净空,-419,-571
20260525,菜油,OI2609,09,乾坤期货,0,0,0,持平,0,0
20260525,菜油,OI2609,09,摩根大通期货,19828,2758,17070,净多,154,-397
20260525,菜油,OI2609,09,瑞银期货,12119,0,12119,净多,-4,0
20260525,菜油,OI2701,01,中粮期货,521,4104,-3583,净空,1,0
20260525,菜油,OI2701,01,乾坤期货,0,0,0,持平,0,0
20260525,菜油,OI2701,01,摩根大通期货,0,0,0,持平,0,0
20260525,菜油,OI2701,01,瑞银期货,418,0,418,净多,0,0
20260526,菜油,OI2609,09,中粮期货,7182,50525,-43343,净空,527,-117
20260526,菜油,OI2609,09,乾坤期货,0,0,0,持平,0,0
20260526,菜油,OI2609,09,摩根大通期货,18623,3106,15517,净多,-1205,348
20260526,菜油,OI2609,09,瑞银期货,11549,0,11549,净多,-570,0
20260526,菜油,OI2701,01,中粮期货,522,4105,-3583,净空,1,1
20260526,菜油,OI2701,01,乾坤期货,0,0,0,持平,0,0
20260526,菜油,OI2701,01,摩根大通期货,0,0,0,持平,0,0
20260526,菜油,OI2701,01,瑞银期货,386,0,386,净多,-32,0
20260527,菜油,OI2609,09,中粮期货,7836,50124,-42288,净空,654,-401
20260527,菜油,OI2609,09,乾坤期货,0,0,0,持平,0,0
20260527,菜油,OI2609,09,摩根大通期货,18200,2550,15650,净多,-423,-556
20260527,菜油,OI2609,09,瑞银期货,11001,0,11001,净多,-548,0
20260527,菜油,OI2701,01,中粮期货,572,4167,-3595,净空,50,62
20260527,菜油,OI2701,01,乾坤期货,0,0,0,持平,0,0
20260527,菜油,OI2701,01,摩根大通期货,0,0,0,持平,0,0
20260527,菜油,OI2701,01,瑞银期货,357,0,357,净多,-29,0
20260528,菜油,OI2609,09,中粮期货,7318,59736,-52418,净空,-518,9612
20260528,菜油,OI2609,09,乾坤期货,0,0,0,持平,0,0
20260528,菜油,OI2609,09,摩根大通期货,24068,0,24068,净多,5868,0
20260528,菜油,OI2609,09,瑞银期货,11113,0,11113,净多,112,0
20260528,菜油,OI2701,01,中粮期货,585,7554,-6969,净空,13,3387
20260528,菜油,OI2701,01,乾坤期货,0,0,0,持平,0,0
20260528,菜油,OI2701,01,摩根大通期货,0,61,-61,净空,0,0
20260528,菜油,OI2701,01,瑞银期货,357,0,357,净多,0,0
20260529,菜油,OI2609,09,中粮期货,7378,62839,-55461,净空,60,3103
20260529,菜油,OI2609,09,乾坤期货,0,0,0,持平,0,0
20260529,菜油,OI2609,09,摩根大通期货,25168,0,25168,净多,1100,0
20260529,菜油,OI2609,09,瑞银期货,11456,0,11456,净多,343,0
20260529,菜油,OI2701,01,中粮期货,690,7616,-6926,净空,105,62
20260529,菜油,OI2701,01,乾坤期货,0,0,0,持平,0,0
20260529,菜油,OI2701,01,摩根大通期货,0,0,0,持平,0,0
20260529,菜油,OI2701,01,瑞银期货,357,0,357,净多,0,0
20260601,菜油,OI2609,09,中粮期货,8384,65618,-57234,净空,1006,2779
20260601,菜油,OI2609,09,乾坤期货,0,0,0,持平,0,0
20260601,菜油,OI2609,09,摩根大通期货,25668,0,25668,净多,500,0
20260601,菜油,OI2609,09,瑞银期货,11176,0,11176,净多,-280,0
20260601,菜油,OI2701,01,中粮期货,802,7632,-6830,净空,112,16
20260601,菜油,OI2701,01,乾坤期货,0,0,0,持平,0,0
20260601,菜油,OI2701,01,摩根大通期货,0,0,0,持平,0,0
20260601,菜油,OI2701,01,瑞银期货,333,0,333,净多,-24,0
20260602,菜油,OI2609,09,中粮期货,8020,68963,-60943,净空,-364,3345
20260602,菜油,OI2609,09,乾坤期货,0,0,0,持平,0,0
20260602,菜油,OI2609,09,摩根大通期货,27053,0,27053,净多,1385,0
20260602,菜油,OI2609,09,瑞银期货,11496,0,11496,净多,320,0
20260602,菜油,OI2701,01,中粮期货,911,7745,-6834,净空,109,113
20260602,菜油,OI2701,01,乾坤期货,0,0,0,持平,0,0
20260602,菜油,OI2701,01,摩根大通期货,782,0,782,净多,742,0
20260602,菜油,OI2701,01,瑞银期货,0,0,0,持平,0,0
20260603,菜油,OI2609,09,中粮期货,7033,77102,-70069,净空,-987,8139
20260603,菜油,OI2609,09,乾坤期货,0,0,0,持平,0,0
20260603,菜油,OI2609,09,摩根大通期货,30498,0,30498,净多,3445,0
20260603,菜油,OI2609,09,瑞银期货,10747,0,10747,净多,-749,0
20260603,菜油,OI2701,01,中粮期货,2127,10255,-8128,净空,1216,2510
20260603,菜油,OI2701,01,乾坤期货,0,0,0,持平,0,0
20260603,菜油,OI2701,01,摩根大通期货,0,0,0,持平,0,0
20260603,菜油,OI2701,01,瑞银期货,0,0,0,持平,0,0
20260604,菜油,OI2609,09,中粮期货,6997,78490,-71493,净空,-36,1388
20260604,菜油,OI2609,09,乾坤期货,0,0,0,持平,0,0
20260604,菜油,OI2609,09,摩根大通期货,29266,0,29266,净多,-1232,0
20260604,菜油,OI2609,09,瑞银期货,10413,0,10413,净多,-334,0
20260604,菜油,OI2701,01,中粮期货,2164,10625,-8461,净空,37,370
20260604,菜油,OI2701,01,乾坤期货,0,0,0,持平,0,0
20260604,菜油,OI2701,01,摩根大通期货,0,0,0,持平,0,0
20260604,菜油,OI2701,01,瑞银期货,0,0,0,持平,0,0
20260605,菜油,OI2609,09,中粮期货,6799,74999,-68200,净空,-198,-3491
20260605,菜油,OI2609,09,乾坤期货,0,0,0,持平,0,0
20260605,菜油,OI2609,09,摩根大通期货,28342,0,28342,净多,-924,0
20260605,菜油,OI2609,09,瑞银期货,11207,0,11207,净多,794,0
20260605,菜油,OI2701,01,中粮期货,1602,10639,-9037,净空,-562,14
20260605,菜油,OI2701,01,乾坤期货,0,0,0,持平,0,0
20260605,菜油,OI2701,01,摩根大通期货,0,0,0,持平,0,0
20260605,菜油,OI2701,01,瑞银期货,0,0,0,持平,0,0
20260608,菜油,OI2609,09,中粮期货,5848,75364,-69516,净空,-951,365
20260608,菜油,OI2609,09,乾坤期货,0,0,0,持平,0,0
20260608,菜油,OI2609,09,摩根大通期货,28860,0,28860,净多,518,0
20260608,菜油,OI2609,09,瑞银期货,11208,0,11208,净多,1,0
20260608,菜油,OI2701,01,中粮期货,1915,10954,-9039,净空,313,315
20260608,菜油,OI2701,01,乾坤期货,0,0,0,持平,0,0
20260608,菜油,OI2701,01,摩根大通期货,0,0,0,持平,0,0
20260608,菜油,OI2701,01,瑞银期货,0,0,0,持平,0,0
20260609,菜油,OI2609,09,中粮期货,5973,73090,-67117,净空,125,-2274
20260609,菜油,OI2609,09,乾坤期货,0,0,0,持平,0,0
20260609,菜油,OI2609,09,摩根大通期货,29134,0,29134,净多,274,0
20260609,菜油,OI2609,09,瑞银期货,11207,0,11207,净多,-1,0
20260609,菜油,OI2701,01,中粮期货,1279,11784,-10505,净空,-636,830
20260609,菜油,OI2701,01,乾坤期货,0,0,0,持平,0,0
20260609,菜油,OI2701,01,摩根大通期货,0,0,0,持平,0,0
20260609,菜油,OI2701,01,瑞银期货,0,0,0,持平,0,0
20260610,菜油,OI2609,09,中粮期货,5435,70578,-65143,净空,-538,-2512
20260610,菜油,OI2609,09,乾坤期货,0,0,0,持平,0,0
20260610,菜油,OI2609,09,摩根大通期货,29305,0,29305,净多,171,0
20260610,菜油,OI2609,09,瑞银期货,10624,0,10624,净多,-583,0
20260610,菜油,OI2701,01,中粮期货,1169,11705,-10536,净空,-110,-79
20260610,菜油,OI2701,01,乾坤期货,0,0,0,持平,0,0
20260610,菜油,OI2701,01,摩根大通期货,0,0,0,持平,0,0
20260610,菜油,OI2701,01,瑞银期货,0,0,0,持平,0,0
20260611,菜油,OI2609,09,中粮期货,5324,70966,-65642,净空,-111,388
20260611,菜油,OI2609,09,乾坤期货,0,0,0,持平,0,0
20260611,菜油,OI2609,09,摩根大通期货,29782,0,29782,净多,477,0
20260611,菜油,OI2609,09,瑞银期货,9549,0,9549,净多,-1075,0
20260611,菜油,OI2701,01,中粮期货,994,9943,-8949,净空,-175,-1762
20260611,菜油,OI2701,01,乾坤期货,0,0,0,持平,0,0
20260611,菜油,OI2701,01,摩根大通期货,0,0,0,持平,0,0
20260611,菜油,OI2701,01,瑞银期货,0,0,0,持平,0,0
20260612,菜油,OI2609,09,中粮期货,6248,68782,-62534,净空,924,-2184
20260612,菜油,OI2609,09,乾坤期货,0,0,0,持平,0,0
20260612,菜油,OI2609,09,摩根大通期货,30839,0,30839,净多,1057,0
20260612,菜油,OI2609,09,瑞银期货,9628,0,9628,净多,79,0
20260612,菜油,OI2701,01,中粮期货,1000,9759,-8759,净空,6,-184
20260612,菜油,OI2701,01,乾坤期货,0,0,0,持平,0,0
20260612,菜油,OI2701,01,摩根大通期货,0,0,0,持平,0,0
20260612,菜油,OI2701,01,瑞银期货,0,0,0,持平,0,0
20260615,菜油,OI2609,09,中粮期货,6018,67989,-61971,净空,-230,-793
20260615,菜油,OI2609,09,乾坤期货,0,0,0,持平,0,0
20260615,菜油,OI2609,09,摩根大通期货,31773,0,31773,净多,934,0
20260615,菜油,OI2609,09,瑞银期货,10231,0,10231,净多,603,0
20260615,菜油,OI2701,01,中粮期货,995,9804,-8809,净空,-5,45
20260615,菜油,OI2701,01,乾坤期货,0,0,0,持平,0,0
20260615,菜油,OI2701,01,摩根大通期货,0,0,0,持平,0,0
20260615,菜油,OI2701,01,瑞银期货,0,0,0,持平,0,0
20260616,菜油,OI2609,09,中粮期货,6187,65644,-59457,净空,169,-2345
20260616,菜油,OI2609,09,乾坤期货,0,0,0,持平,0,0
20260616,菜油,OI2609,09,摩根大通期货,30305,0,30305,净多,-1468,0
20260616,菜油,OI2609,09,瑞银期货,11327,0,11327,净多,1096,0
20260616,菜油,OI2701,01,中粮期货,997,9689,-8692,净空,2,-115
20260616,菜油,OI2701,01,乾坤期货,0,0,0,持平,0,0
20260616,菜油,OI2701,01,摩根大通期货,0,0,0,持平,0,0
20260616,菜油,OI2701,01,瑞银期货,0,0,0,持平,0,0
20260617,菜油,OI2609,09,中粮期货,6504,64389,-57885,净空,317,-1255
20260617,菜油,OI2609,09,乾坤期货,0,0,0,持平,0,0
20260617,菜油,OI2609,09,摩根大通期货,28678,0,28678,净多,-1627,0
20260617,菜油,OI2609,09,瑞银期货,10451,0,10451,净多,-876,0
20260617,菜油,OI2701,01,中粮期货,1313,10092,-8779,净空,316,403
20260617,菜油,OI2701,01,乾坤期货,0,0,0,持平,0,0
20260617,菜油,OI2701,01,摩根大通期货,0,0,0,持平,0,0
20260617,菜油,OI2701,01,瑞银期货,0,0,0,持平,0,0
20260618,菜油,OI2609,09,中粮期货,6738,60755,-54017,净空,234,-3634
20260618,菜油,OI2609,09,乾坤期货,0,0,0,持平,0,0
20260618,菜油,OI2609,09,摩根大通期货,24404,0,24404,净多,-4274,0
20260618,菜油,OI2609,09,瑞银期货,8925,0,8925,净多,-1526,0
20260618,菜油,OI2701,01,中粮期货,1379,10015,-8636,净空,66,-77
20260618,菜油,OI2701,01,乾坤期货,0,0,0,持平,0,0
20260618,菜油,OI2701,01,摩根大通期货,0,0,0,持平,0,0
20260618,菜油,OI2701,01,瑞银期货,0,0,0,持平,0,0
20260622,菜油,OI2609,09,中粮期货,6796,60838,-54042,净空,58,83
20260622,菜油,OI2609,09,乾坤期货,0,0,0,持平,0,0
20260622,菜油,OI2609,09,摩根大通期货,21179,0,21179,净多,-3225,0
20260622,菜油,OI2609,09,瑞银期货,8450,0,8450,净多,-475,0
20260622,菜油,OI2701,01,中粮期货,1464,9831,-8367,净空,85,-184
20260622,菜油,OI2701,01,乾坤期货,0,0,0,持平,0,0
20260622,菜油,OI2701,01,摩根大通期货,0,0,0,持平,0,0
20260622,菜油,OI2701,01,瑞银期货,0,0,0,持平,0,0
20260623,菜油,OI2609,09,中粮期货,6683,55329,-48646,净空,-113,-5509
20260623,菜油,OI2609,09,乾坤期货,0,0,0,持平,0,0
20260623,菜油,OI2609,09,摩根大通期货,23128,0,23128,净多,1949,0
20260623,菜油,OI2609,09,瑞银期货,8751,0,8751,净多,301,0
20260623,菜油,OI2701,01,中粮期货,1643,12759,-11116,净空,179,2928
20260623,菜油,OI2701,01,乾坤期货,0,0,0,持平,0,0
20260623,菜油,OI2701,01,摩根大通期货,0,0,0,持平,0,0
20260623,菜油,OI2701,01,瑞银期货,0,0,0,持平,0,0
20260624,菜油,OI2609,09,中粮期货,5960,56498,-50538,净空,-723,1169
20260624,菜油,OI2609,09,乾坤期货,0,0,0,持平,0,0
20260624,菜油,OI2609,09,摩根大通期货,22619,0,22619,净多,-509,0
20260624,菜油,OI2609,09,瑞银期货,8693,0,8693,净多,-58,0
20260624,菜油,OI2701,01,中粮期货,1758,12394,-10636,净空,115,-365
20260624,菜油,OI2701,01,乾坤期货,0,0,0,持平,0,0
20260624,菜油,OI2701,01,摩根大通期货,436,0,436,净多,0,0
20260624,菜油,OI2701,01,瑞银期货,0,0,0,持平,0,0
20260625,菜油,OI2609,09,中粮期货,4780,44203,-39423,净空,-1180,-12295
20260625,菜油,OI2609,09,乾坤期货,0,0,0,持平,0,0
20260625,菜油,OI2609,09,摩根大通期货,17491,0,17491,净多,-5128,0
20260625,菜油,OI2609,09,瑞银期货,8689,0,8689,净多,-4,0
20260625,菜油,OI2701,01,中粮期货,1777,12456,-10679,净空,19,62
20260625,菜油,OI2701,01,乾坤期货,0,0,0,持平,0,0
20260625,菜油,OI2701,01,摩根大通期货,0,0,0,持平,0,0
20260625,菜油,OI2701,01,瑞银期货,0,0,0,持平,0,0
20260626,菜油,OI2609,09,中粮期货,4577,46258,-41681,净空,-203,2055
20260626,菜油,OI2609,09,乾坤期货,0,0,0,持平,0,0
20260626,菜油,OI2609,09,摩根大通期货,16243,0,16243,净多,-1248,0
20260626,菜油,OI2609,09,瑞银期货,8687,0,8687,净多,-2,0
20260626,菜油,OI2701,01,中粮期货,1756,13148,-11392,净空,-21,692
20260626,菜油,OI2701,01,乾坤期货,0,0,0,持平,0,0
20260626,菜油,OI2701,01,摩根大通期货,0,0,0,持平,0,0
20260626,菜油,OI2701,01,瑞银期货,0,0,0,持平,0,0
20260629,菜油,OI2609,09,中粮期货,3991,47956,-43965,净空,-586,1698
20260629,菜油,OI2609,09,乾坤期货,0,0,0,持平,0,0
20260629,菜油,OI2609,09,摩根大通期货,16321,0,16321,净多,78,0
20260629,菜油,OI2609,09,瑞银期货,8689,0,8689,净多,2,0
20260629,菜油,OI2701,01,中粮期货,2496,13158,-10662,净空,740,10
20260629,菜油,OI2701,01,乾坤期货,0,0,0,持平,0,0
20260629,菜油,OI2701,01,摩根大通期货,0,0,0,持平,0,0
20260629,菜油,OI2701,01,瑞银期货,0,0,0,持平,0,0
20260630,菜油,OI2609,09,中粮期货,4343,45885,-41542,净空,352,-2071
20260630,菜油,OI2609,09,乾坤期货,0,0,0,持平,0,0
20260630,菜油,OI2609,09,摩根大通期货,16445,0,16445,净多,124,0
20260630,菜油,OI2609,09,瑞银期货,8723,0,8723,净多,34,0
20260630,菜油,OI2701,01,中粮期货,2033,13217,-11184,净空,-463,59
20260630,菜油,OI2701,01,乾坤期货,0,0,0,持平,0,0
20260630,菜油,OI2701,01,摩根大通期货,633,0,633,净多,146,0
20260630,菜油,OI2701,01,瑞银期货,0,0,0,持平,0,0
20260701,菜油,OI2609,09,中粮期货,4815,42621,-37806,净空,472,-3264
20260701,菜油,OI2609,09,乾坤期货,0,0,0,持平,0,0
20260701,菜油,OI2609,09,摩根大通期货,15991,0,15991,净多,-454,0
20260701,菜油,OI2609,09,瑞银期货,8653,0,8653,净多,-70,0
20260701,菜油,OI2701,01,中粮期货,2373,13689,-11316,净空,340,472
20260701,菜油,OI2701,01,乾坤期货,0,0,0,持平,0,0
20260701,菜油,OI2701,01,摩根大通期货,728,0,728,净多,95,0
20260701,菜油,OI2701,01,瑞银期货,0,0,0,持平,0,0
20260702,菜油,OI2609,09,中粮期货,4877,41879,-37002,净空,62,-742
20260702,菜油,OI2609,09,乾坤期货,0,0,0,持平,0,0
20260702,菜油,OI2609,09,摩根大通期货,17943,0,17943,净多,1952,0
20260702,菜油,OI2609,09,瑞银期货,8650,0,8650,净多,-3,0
20260702,菜油,OI2701,01,中粮期货,2379,13900,-11521,净空,6,211
20260702,菜油,OI2701,01,乾坤期货,0,0,0,持平,0,0
20260702,菜油,OI2701,01,摩根大通期货,728,0,728,净多,0,0
20260702,菜油,OI2701,01,瑞银期货,0,0,0,持平,0,0
20260703,菜油,OI2609,09,中粮期货,4890,43488,-38598,净空,13,1609
20260703,菜油,OI2609,09,乾坤期货,0,0,0,持平,0,0
20260703,菜油,OI2609,09,摩根大通期货,22780,0,22780,净多,4837,0
20260703,菜油,OI2609,09,瑞银期货,8743,0,8743,净多,93,0
20260703,菜油,OI2701,01,中粮期货,3043,13797,-10754,净空,664,-103
20260703,菜油,OI2701,01,乾坤期货,0,0,0,持平,0,0
20260703,菜油,OI2701,01,摩根大通期货,828,0,828,净多,100,0
20260703,菜油,OI2701,01,瑞银期货,0,0,0,持平,0,0
20260706,菜油,OI2609,09,中粮期货,4330,41118,-36788,净空,-560,-2370
20260706,菜油,OI2609,09,乾坤期货,0,0,0,持平,0,0
20260706,菜油,OI2609,09,摩根大通期货,23603,2900,20703,净多,823,1053
20260706,菜油,OI2609,09,瑞银期货,8740,0,8740,净多,-3,0
20260706,菜油,OI2701,01,中粮期货,3160,16681,-13521,净空,117,2884
20260706,菜油,OI2701,01,乾坤期货,0,0,0,持平,0,0
20260706,菜油,OI2701,01,摩根大通期货,828,451,377,净多,0,53
20260706,菜油,OI2701,01,瑞银期货,0,0,0,持平,0,0
20260707,菜油,OI2609,09,中粮期货,3147,43877,-40730,净空,-1183,2759
20260707,菜油,OI2609,09,乾坤期货,0,0,0,持平,0,0
20260707,菜油,OI2609,09,摩根大通期货,29843,2659,27184,净多,6240,-241
20260707,菜油,OI2609,09,瑞银期货,9071,0,9071,净多,331,0
20260707,菜油,OI2701,01,中粮期货,3444,16690,-13246,净空,284,9
20260707,菜油,OI2701,01,乾坤期货,0,0,0,持平,0,0
20260707,菜油,OI2701,01,摩根大通期货,0,424,-424,净空,0,-27
20260707,菜油,OI2701,01,瑞银期货,0,0,0,持平,0,0
20260708,菜油,OI2609,09,中粮期货,3698,42512,-38814,净空,551,-1365
20260708,菜油,OI2609,09,乾坤期货,0,0,0,持平,0,0
20260708,菜油,OI2609,09,摩根大通期货,33185,0,33185,净多,3342,0
20260708,菜油,OI2609,09,瑞银期货,9855,0,9855,净多,784,0
20260708,菜油,OI2701,01,中粮期货,3669,18599,-14930,净空,225,1909
20260708,菜油,OI2701,01,乾坤期货,0,0,0,持平,0,0
20260708,菜油,OI2701,01,摩根大通期货,0,423,-423,净空,0,-1
20260708,菜油,OI2701,01,瑞银期货,0,0,0,持平,0,0
20260709,菜油,OI2609,09,中粮期货,3704,43225,-39521,净空,6,713
20260709,菜油,OI2609,09,乾坤期货,0,0,0,持平,0,0
20260709,菜油,OI2609,09,摩根大通期货,35435,0,35435,净多,2250,0
20260709,菜油,OI2609,09,瑞银期货,9961,0,9961,净多,106,0
20260709,菜油,OI2701,01,中粮期货,3523,18518,-14995,净空,-146,-81
20260709,菜油,OI2701,01,乾坤期货,0,0,0,持平,0,0
20260709,菜油,OI2701,01,摩根大通期货,1912,0,1912,净多,1204,0
20260709,菜油,OI2701,01,瑞银期货,0,0,0,持平,0,0
20260709,菜油,OI2705,05,中粮期货,0,5508,-5508,净空,0,-10
20260709,菜油,OI2705,05,乾坤期货,0,0,0,持平,0,0
20260709,菜油,OI2705,05,摩根大通期货,0,0,0,持平,0,0
20260709,菜油,OI2705,05,瑞银期货,0,0,0,持平,0,0
20260710,菜油,OI2609,09,中粮期货,4453,44822,-40369,净空,749,1597
20260710,菜油,OI2609,09,乾坤期货,0,0,0,持平,0,0
20260710,菜油,OI2609,09,摩根大通期货,40637,0,40637,净多,5202,0
20260710,菜油,OI2609,09,瑞银期货,10236,0,10236,净多,275,0
20260710,菜油,OI2701,01,中粮期货,3645,18505,-14860,净空,122,-13
20260710,菜油,OI2701,01,乾坤期货,0,0,0,持平,0,0
20260710,菜油,OI2701,01,摩根大通期货,0,551,-551,净空,0,139
20260710,菜油,OI2701,01,瑞银期货,0,0,0,持平,0,0
20260710,菜油,OI2705,05,中粮期货,0,5508,-5508,净空,0,0
20260710,菜油,OI2705,05,乾坤期货,0,0,0,持平,0,0
20260710,菜油,OI2705,05,摩根大通期货,0,0,0,持平,0,0
20260710,菜油,OI2705,05,瑞银期货,0,0,0,持平,0,0
20260713,菜油,OI2609,09,中粮期货,4413,46387,-41974,净空,-40,1565
20260713,菜油,OI2609,09,乾坤期货,0,0,0,持平,0,0
20260713,菜油,OI2609,09,摩根大通期货,40614,0,40614,净多,-23,0
20260713,菜油,OI2609,09,瑞银期货,10241,0,10241,净多,5,0
20260713,菜油,OI2701,01,中粮期货,4999,18126,-13127,净空,1354,-379
20260713,菜油,OI2701,01,乾坤期货,0,0,0,持平,0,0
20260713,菜油,OI2701,01,摩根大通期货,1301,0,1301,净多,390,0
20260713,菜油,OI2701,01,瑞银期货,0,0,0,持平,0,0
20260713,菜油,OI2705,05,中粮期货,0,5510,-5510,净空,0,2
20260713,菜油,OI2705,05,乾坤期货,0,0,0,持平,0,0
20260713,菜油,OI2705,05,摩根大通期货,0,0,0,持平,0,0
20260713,菜油,OI2705,05,瑞银期货,0,0,0,持平,0,0
20260714,菜油,OI2609,09,中粮期货,4647,46964,-42317,净空,234,577
20260714,菜油,OI2609,09,乾坤期货,0,0,0,持平,0,0
20260714,菜油,OI2609,09,摩根大通期货,42403,0,42403,净多,1789,0
20260714,菜油,OI2609,09,瑞银期货,10962,0,10962,净多,721,0
20260714,菜油,OI2701,01,中粮期货,5047,18566,-13519,净空,48,440
20260714,菜油,OI2701,01,乾坤期货,0,0,0,持平,0,0
20260714,菜油,OI2701,01,摩根大通期货,1665,0,1665,净多,364,0
20260714,菜油,OI2701,01,瑞银期货,0,0,0,持平,0,0
20260714,菜油,OI2705,05,中粮期货,0,5510,-5510,净空,0,0
20260714,菜油,OI2705,05,乾坤期货,0,0,0,持平,0,0
20260714,菜油,OI2705,05,摩根大通期货,0,0,0,持平,0,0
20260714,菜油,OI2705,05,瑞银期货,0,0,0,持平,0,0
20260715,菜油,OI2609,09,中粮期货,4801,46788,-41987,净空,154,-176
20260715,菜油,OI2609,09,乾坤期货,0,0,0,持平,0,0
20260715,菜油,OI2609,09,摩根大通期货,43600,0,43600,净多,1197,0
20260715,菜油,OI2609,09,瑞银期货,10955,0,10955,净多,-7,0
20260715,菜油,OI2701,01,中粮期货,4504,18510,-14006,净空,-543,-56
20260715,菜油,OI2701,01,乾坤期货,0,0,0,持平,0,0
20260715,菜油,OI2701,01,摩根大通期货,2500,0,2500,净多,835,0
20260715,菜油,OI2701,01,瑞银期货,0,0,0,持平,0,0
20260715,菜油,OI2705,05,中粮期货,0,5510,-5510,净空,0,0
20260715,菜油,OI2705,05,乾坤期货,0,0,0,持平,0,0
20260715,菜油,OI2705,05,摩根大通期货,0,0,0,持平,0,0
20260715,菜油,OI2705,05,瑞银期货,0,0,0,持平,0,0
20260716,菜油,OI2609,09,一德期货,10801,8494,2307,净多,-26,2357
20260716,菜油,OI2609,09,中信期货,33218,19255,13963,净多,2552,-846
20260716,菜油,OI2609,09,中粮期货,5175,49931,-44756,净空,374,3143
20260716,菜油,OI2609,09,乾坤期货,0,0,0,持平,0,0
20260716,菜油,OI2609,09,国泰君安期货,28437,14087,14350,净多,2077,1789
20260716,菜油,OI2609,09,摩根大通期货,47586,0,47586,净多,3986,0
20260716,菜油,OI2609,09,永安期货,5393,0,5393,净多,294,0
20260716,菜油,OI2609,09,瑞银期货,11430,0,11430,净多,475,0
20260716,菜油,OI2609,09,高盛期货,48401,0,48401,净多,6864,0
20260716,菜油,OI2701,01,一德期货,3708,0,3708,净多,1681,0
20260716,菜油,OI2701,01,中信期货,1415,5363,-3948,净空,-449,563
20260716,菜油,OI2701,01,中粮期货,4329,18568,-14239,净空,-175,58
20260716,菜油,OI2701,01,乾坤期货,0,0,0,持平,0,0
20260716,菜油,OI2701,01,国泰君安期货,6938,2436,4502,净多,600,991
20260716,菜油,OI2701,01,摩根大通期货,2998,0,2998,净多,498,0
20260716,菜油,OI2701,01,永安期货,1585,0,1585,净多,41,0
20260716,菜油,OI2701,01,瑞银期货,0,0,0,持平,0,0
20260716,菜油,OI2701,01,高盛期货,1681,0,1681,净多,-83,0
20260716,菜油,OI2705,05,一德期货,0,160,-160,净空,0,0
20260716,菜油,OI2705,05,中信期货,0,0,0,持平,0,0
20260716,菜油,OI2705,05,中粮期货,0,5510,-5510,净空,0,0
20260716,菜油,OI2705,05,乾坤期货,0,0,0,持平,0,0
20260716,菜油,OI2705,05,国泰君安期货,1136,394,742,净多,40,18
20260716,菜油,OI2705,05,摩根大通期货,0,0,0,持平,0,0
20260716,菜油,OI2705,05,永安期货,0,0,0,持平,0,0
20260716,菜油,OI2705,05,瑞银期货,0,0,0,持平,0,0
20260716,菜油,OI2705,05,高盛期货,0,0,0,持平,0,0
20260717,菜油,OI2609,09,一德期货,10502,8507,1995,净多,-299,13
20260717,菜油,OI2609,09,中信期货,34120,21116,13004,净多,902,1861
20260717,菜油,OI2609,09,中粮期货,4815,48016,-43201,净空,-360,-1915
20260717,菜油,OI2609,09,乾坤期货,0,0,0,持平,0,0
20260717,菜油,OI2609,09,国泰君安期货,27582,14266,13316,净多,-855,179
20260717,菜油,OI2609,09,摩根大通期货,42877,0,42877,净多,-4709,0
20260717,菜油,OI2609,09,永安期货,5373,0,5373,净多,-20,0
20260717,菜油,OI2609,09,瑞银期货,11189,0,11189,净多,-241,0
20260717,菜油,OI2609,09,高盛期货,48699,0,48699,净多,298,0
20260717,菜油,OI2701,01,一德期货,3177,0,3177,净多,-531,0
20260717,菜油,OI2701,01,中信期货,1706,5356,-3650,净空,291,-7
20260717,菜油,OI2701,01,中粮期货,4463,18739,-14276,净空,134,171
20260717,菜油,OI2701,01,乾坤期货,0,0,0,持平,0,0
20260717,菜油,OI2701,01,国泰君安期货,6912,2663,4249,净多,-26,227
20260717,菜油,OI2701,01,摩根大通期货,3914,0,3914,净多,916,0
20260717,菜油,OI2701,01,永安期货,1669,0,1669,净多,84,0
20260717,菜油,OI2701,01,瑞银期货,0,0,0,持平,0,0
20260717,菜油,OI2701,01,高盛期货,0,0,0,持平,0,0
20260717,菜油,OI2705,05,一德期货,0,171,-171,净空,0,11
20260717,菜油,OI2705,05,中信期货,0,0,0,持平,0,0
20260717,菜油,OI2705,05,中粮期货,0,5510,-5510,净空,0,0
20260717,菜油,OI2705,05,乾坤期货,0,0,0,持平,0,0
20260717,菜油,OI2705,05,国泰君安期货,1147,393,754,净多,11,-1
20260717,菜油,OI2705,05,摩根大通期货,0,0,0,持平,0,0
20260717,菜油,OI2705,05,永安期货,0,0,0,持平,0,0
20260717,菜油,OI2705,05,瑞银期货,0,0,0,持平,0,0
20260717,菜油,OI2705,05,高盛期货,0,0,0,持平,0,0
20260720,菜油,OI2609,09,一德期货,11505,7236,4269,净多,1003,-1271
20260720,菜油,OI2609,09,中信期货,34195,19927,14268,净多,75,-1189
20260720,菜油,OI2609,09,中粮期货,4521,50524,-46003,净空,-294,2508
20260720,菜油,OI2609,09,乾坤期货,0,0,0,持平,0,0
20260720,菜油,OI2609,09,国泰君安期货,26709,13650,13059,净多,-873,-616
20260720,菜油,OI2609,09,摩根大通期货,44930,0,44930,净多,2053,0
20260720,菜油,OI2609,09,永安期货,5091,0,5091,净多,-282,0
20260720,菜油,OI2609,09,瑞银期货,11604,0,11604,净多,415,0
20260720,菜油,OI2609,09,高盛期货,48950,0,48950,净多,251,0
20260720,菜油,OI2701,01,一德期货,2618,0,2618,净多,-559,0
20260720,菜油,OI2701,01,中信期货,1567,6958,-5391,净空,-139,1602
20260720,菜油,OI2701,01,中粮期货,5938,18878,-12940,净空,1475,139
20260720,菜油,OI2701,01,乾坤期货,0,0,0,持平,0,0
20260720,菜油,OI2701,01,国泰君安期货,7362,2731,4631,净多,450,68
20260720,菜油,OI2701,01,摩根大通期货,4352,0,4352,净多,438,0
20260720,菜油,OI2701,01,永安期货,0,0,0,持平,0,0
20260720,菜油,OI2701,01,瑞银期货,0,0,0,持平,0,0
20260720,菜油,OI2701,01,高盛期货,0,0,0,持平,0,0
20260720,菜油,OI2705,05,一德期货,0,171,-171,净空,0,0
20260720,菜油,OI2705,05,中信期货,0,0,0,持平,0,0
20260720,菜油,OI2705,05,中粮期货,0,5514,-5514,净空,0,4
20260720,菜油,OI2705,05,乾坤期货,0,0,0,持平,0,0
20260720,菜油,OI2705,05,国泰君安期货,1235,390,845,净多,88,-3
20260720,菜油,OI2705,05,摩根大通期货,0,0,0,持平,0,0
20260720,菜油,OI2705,05,永安期货,0,0,0,持平,0,0
20260720,菜油,OI2705,05,瑞银期货,0,0,0,持平,0,0
20260720,菜油,OI2705,05,高盛期货,0,0,0,持平,0,0
20260721,菜油,OI2609,09,一德期货,11581,5356,6225,净多,76,-1880
20260721,菜油,OI2609,09,中信期货,33630,18839,14791,净多,-565,-1088
20260721,菜油,OI2609,09,中粮期货,3884,49431,-45547,净空,-637,-1093
20260721,菜油,OI2609,09,乾坤期货,0,0,0,持平,0,0
20260721,菜油,OI2609,09,国泰君安期货,28141,14809,13332,净多,1432,1159
20260721,菜油,OI2609,09,摩根大通期货,43431,0,43431,净多,-1499,0
20260721,菜油,OI2609,09,永安期货,4835,0,4835,净多,-256,0
20260721,菜油,OI2609,09,瑞银期货,11604,0,11604,净多,0,0
20260721,菜油,OI2609,09,高盛期货,50163,0,50163,净多,1213,0
20260721,菜油,OI2701,01,一德期货,1813,1016,797,净多,-805,498
20260721,菜油,OI2701,01,中信期货,2437,7690,-5253,净空,870,732
20260721,菜油,OI2701,01,中粮期货,6507,19988,-13481,净空,569,1110
20260721,菜油,OI2701,01,乾坤期货,0,0,0,持平,0,0
20260721,菜油,OI2701,01,国泰君安期货,7836,3209,4627,净多,474,478
20260721,菜油,OI2701,01,摩根大通期货,5705,1000,4705,净多,1353,600
20260721,菜油,OI2701,01,永安期货,0,0,0,持平,0,0
20260721,菜油,OI2701,01,瑞银期货,0,0,0,持平,0,0
20260721,菜油,OI2701,01,高盛期货,0,0,0,持平,0,0
20260721,菜油,OI2705,05,一德期货,0,171,-171,净空,0,0
20260721,菜油,OI2705,05,中信期货,0,0,0,持平,0,0
20260721,菜油,OI2705,05,中粮期货,0,5514,-5514,净空,0,0
20260721,菜油,OI2705,05,乾坤期货,0,0,0,持平,0,0
20260721,菜油,OI2705,05,国泰君安期货,1273,533,740,净多,38,143
20260721,菜油,OI2705,05,摩根大通期货,0,0,0,持平,0,0
20260721,菜油,OI2705,05,永安期货,0,0,0,持平,0,0
20260721,菜油,OI2705,05,瑞银期货,0,0,0,持平,0,0
20260721,菜油,OI2705,05,高盛期货,0,0,0,持平,0,0
20260722,菜油,OI2609,09,一德期货,11198,5181,6017,净多,-383,-175
20260722,菜油,OI2609,09,中信期货,32425,18448,13977,净多,-1205,-391
20260722,菜油,OI2609,09,中粮期货,3932,47871,-43939,净空,48,-1560
20260722,菜油,OI2609,09,乾坤期货,0,0,0,持平,0,0
20260722,菜油,OI2609,09,国泰君安期货,27571,14292,13279,净多,-570,-517
20260722,菜油,OI2609,09,摩根大通期货,42627,0,42627,净多,-804,0
20260722,菜油,OI2609,09,永安期货,4612,0,4612,净多,-223,0
20260722,菜油,OI2609,09,瑞银期货,11603,0,11603,净多,-1,0
20260722,菜油,OI2609,09,高盛期货,42099,0,42099,净多,-8064,0
20260722,菜油,OI2701,01,一德期货,3148,1558,1590,净多,1335,542
20260722,菜油,OI2701,01,中信期货,3479,8543,-5064,净空,1042,853
20260722,菜油,OI2701,01,中粮期货,6005,19521,-13516,净空,-502,-467
20260722,菜油,OI2701,01,乾坤期货,0,0,0,持平,0,0
20260722,菜油,OI2701,01,国泰君安期货,8072,3452,4620,净多,236,243
20260722,菜油,OI2701,01,摩根大通期货,6338,1000,5338,净多,633,0
20260722,菜油,OI2701,01,永安期货,0,0,0,持平,0,0
20260722,菜油,OI2701,01,瑞银期货,0,0,0,持平,0,0
20260722,菜油,OI2701,01,高盛期货,1679,0,1679,净多,568,0
20260722,菜油,OI2705,05,一德期货,0,221,-221,净空,0,50
20260722,菜油,OI2705,05,中信期货,0,0,0,持平,0,0
20260722,菜油,OI2705,05,中粮期货,0,5520,-5520,净空,0,6
20260722,菜油,OI2705,05,乾坤期货,0,0,0,持平,0,0
20260722,菜油,OI2705,05,国泰君安期货,1352,593,759,净多,79,60
20260722,菜油,OI2705,05,摩根大通期货,0,0,0,持平,0,0
20260722,菜油,OI2705,05,永安期货,0,0,0,持平,0,0
20260722,菜油,OI2705,05,瑞银期货,0,0,0,持平,0,0
20260722,菜油,OI2705,05,高盛期货,0,0,0,持平,0,0
20260723,菜油,OI2609,09,一德期货,12301,5916,6385,净多,1103,735
20260723,菜油,OI2609,09,中信期货,31423,14949,16474,净多,-1002,-3499
20260723,菜油,OI2609,09,中粮期货,0,49186,-49186,净空,0,1315
20260723,菜油,OI2609,09,乾坤期货,0,0,0,持平,0,0
20260723,菜油,OI2609,09,国泰君安期货,31135,16181,14954,净多,3564,1889
20260723,菜油,OI2609,09,摩根大通期货,43287,0,43287,净多,660,0
20260723,菜油,OI2609,09,永安期货,4648,0,4648,净多,36,0
20260723,菜油,OI2609,09,瑞银期货,11589,0,11589,净多,-14,0
20260723,菜油,OI2609,09,高盛期货,46387,0,46387,净多,4288,0
20260723,菜油,OI2701,01,一德期货,8850,1528,7322,净多,5702,-30
20260723,菜油,OI2701,01,中信期货,5781,12030,-6249,净空,2302,3487
20260723,菜油,OI2701,01,中粮期货,5295,19735,-14440,净空,-710,214
20260723,菜油,OI2701,01,乾坤期货,0,0,0,持平,0,0
20260723,菜油,OI2701,01,国泰君安期货,8237,2996,5241,净多,165,-456
20260723,菜油,OI2701,01,摩根大通期货,6669,1450,5219,净多,331,450
20260723,菜油,OI2701,01,永安期货,0,0,0,持平,0,0
20260723,菜油,OI2701,01,瑞银期货,0,0,0,持平,0,0
20260723,菜油,OI2701,01,高盛期货,3220,0,3220,净多,1541,0
20260723,菜油,OI2705,05,一德期货,0,243,-243,净空,0,22
20260723,菜油,OI2705,05,中信期货,220,0,220,净多,54,0
20260723,菜油,OI2705,05,中粮期货,0,5522,-5522,净空,0,2
20260723,菜油,OI2705,05,乾坤期货,0,0,0,持平,0,0
20260723,菜油,OI2705,05,国泰君安期货,1578,615,963,净多,226,22
20260723,菜油,OI2705,05,摩根大通期货,0,0,0,持平,0,0
20260723,菜油,OI2705,05,永安期货,0,0,0,持平,0,0
20260723,菜油,OI2705,05,瑞银期货,0,0,0,持平,0,0
20260723,菜油,OI2705,05,高盛期货,0,0,0,持平,0,0
20260724,菜油,OI2609,09,一德期货,12093,6048,6045,净多,-208,132
20260724,菜油,OI2609,09,中信期货,31572,14507,17065,净多,149,-442
20260724,菜油,OI2609,09,中粮期货,0,49313,-49313,净空,0,127
20260724,菜油,OI2609,09,乾坤期货,0,0,0,持平,0,0
20260724,菜油,OI2609,09,国泰君安期货,31690,16592,15098,净多,555,411
20260724,菜油,OI2609,09,摩根大通期货,40601,0,40601,净多,-2686,0
20260724,菜油,OI2609,09,永安期货,4941,0,4941,净多,293,0
20260724,菜油,OI2609,09,瑞银期货,11554,0,11554,净多,-35,0
20260724,菜油,OI2609,09,高盛期货,57120,0,57120,净多,10733,0
20260724,菜油,OI2701,01,一德期货,10141,1693,8448,净多,1291,165
20260724,菜油,OI2701,01,中信期货,6166,12632,-6466,净空,385,602
20260724,菜油,OI2701,01,中粮期货,4852,20721,-15869,净空,-443,986
20260724,菜油,OI2701,01,乾坤期货,0,0,0,持平,0,0
20260724,菜油,OI2701,01,国泰君安期货,8974,3229,5745,净多,737,233
20260724,菜油,OI2701,01,摩根大通期货,7361,0,7361,净多,692,0
20260724,菜油,OI2701,01,永安期货,0,0,0,持平,0,0
20260724,菜油,OI2701,01,瑞银期货,0,0,0,持平,0,0
20260724,菜油,OI2701,01,高盛期货,4050,0,4050,净多,830,0
20260724,菜油,OI2705,05,一德期货,0,204,-204,净空,0,-39
20260724,菜油,OI2705,05,中信期货,0,0,0,持平,0,0
20260724,菜油,OI2705,05,中粮期货,0,5617,-5617,净空,0,95
20260724,菜油,OI2705,05,乾坤期货,0,0,0,持平,0,0
20260724,菜油,OI2705,05,国泰君安期货,1443,652,791,净多,-135,37
20260724,菜油,OI2705,05,摩根大通期货,0,0,0,持平,0,0
20260724,菜油,OI2705,05,永安期货,277,0,277,净多,119,0
20260724,菜油,OI2705,05,瑞银期货,0,0,0,持平,0,0
20260724,菜油,OI2705,05,高盛期货,227,0,227,净多,104,0
20260727,菜油,OI2609,09,一德期货,9258,5655,3603,净多,-2835,-393
20260727,菜油,OI2609,09,中信期货,28514,15613,12901,净多,-3058,1106
20260727,菜油,OI2609,09,中粮期货,3968,45834,-41866,净空,346,-3479
20260727,菜油,OI2609,09,乾坤期货,0,0,0,持平,0,0
20260727,菜油,OI2609,09,国泰君安期货,28351,15738,12613,净多,-3339,-854
20260727,菜油,OI2609,09,摩根大通期货,37221,6202,31019,净多,-3380,2826
20260727,菜油,OI2609,09,永安期货,4718,0,4718,净多,-223,0
20260727,菜油,OI2609,09,瑞银期货,11551,0,11551,净多,-3,0
20260727,菜油,OI2609,09,高盛期货,51608,0,51608,净多,-5512,0
20260727,菜油,OI2701,01,一德期货,11732,1510,10222,净多,1591,-183
20260727,菜油,OI2701,01,中信期货,6055,10806,-4751,净空,-111,-1826
20260727,菜油,OI2701,01,中粮期货,5074,20759,-15685,净空,222,38
20260727,菜油,OI2701,01,乾坤期货,0,0,0,持平,0,0
20260727,菜油,OI2701,01,国泰君安期货,7717,3380,4337,净多,-1257,151
20260727,菜油,OI2701,01,摩根大通期货,7738,1850,5888,净多,377,800
20260727,菜油,OI2701,01,永安期货,0,0,0,持平,0,0
20260727,菜油,OI2701,01,瑞银期货,0,0,0,持平,0,0
20260727,菜油,OI2701,01,高盛期货,4469,0,4469,净多,419,0
20260727,菜油,OI2705,05,一德期货,0,209,-209,净空,0,5
20260727,菜油,OI2705,05,中信期货,180,0,180,净多,-7,0
20260727,菜油,OI2705,05,中粮期货,316,5516,-5200,净空,200,-101
20260727,菜油,OI2705,05,乾坤期货,0,0,0,持平,0,0
20260727,菜油,OI2705,05,国泰君安期货,1365,638,727,净多,-78,-14
20260727,菜油,OI2705,05,摩根大通期货,0,0,0,持平,0,0
20260727,菜油,OI2705,05,永安期货,203,0,203,净多,-74,0
20260727,菜油,OI2705,05,瑞银期货,0,0,0,持平,0,0
20260727,菜油,OI2705,05,高盛期货,0,0,0,持平,0,0
20260728,菜油,OI2609,09,一德期货,10084,6766,3318,净多,826,1111
20260728,菜油,OI2609,09,中信期货,26084,12902,13182,净多,-2430,-2711
20260728,菜油,OI2609,09,中粮期货,4531,43095,-38564,净空,563,-2739
20260728,菜油,OI2609,09,乾坤期货,0,0,0,持平,0,0
20260728,菜油,OI2609,09,国泰君安期货,24005,14944,9061,净多,-4346,-794
20260728,菜油,OI2609,09,摩根大通期货,29232,4776,24456,净多,-7989,-1426
20260728,菜油,OI2609,09,永安期货,4345,0,4345,净多,-373,0
20260728,菜油,OI2609,09,瑞银期货,9764,0,9764,净多,-1787,0
20260728,菜油,OI2609,09,高盛期货,44022,0,44022,净多,-7586,0
20260728,菜油,OI2701,01,一德期货,12939,1508,11431,净多,1207,-2
20260728,菜油,OI2701,01,中信期货,5831,11782,-5951,净空,-224,976
20260728,菜油,OI2701,01,中粮期货,4401,22119,-17718,净空,-673,1360
20260728,菜油,OI2701,01,乾坤期货,0,0,0,持平,0,0
20260728,菜油,OI2701,01,国泰君安期货,8241,3746,4495,净多,524,366
20260728,菜油,OI2701,01,摩根大通期货,7858,1750,6108,净多,120,-100
20260728,菜油,OI2701,01,永安期货,1430,0,1430,净多,231,0
20260728,菜油,OI2701,01,瑞银期货,0,0,0,持平,0,0
20260728,菜油,OI2701,01,高盛期货,4782,0,4782,净多,313,0
20260728,菜油,OI2705,05,一德期货,0,202,-202,净空,0,-7
20260728,菜油,OI2705,05,中信期货,185,0,185,净多,5,0
20260728,菜油,OI2705,05,中粮期货,616,5517,-4901,净空,300,1
20260728,菜油,OI2705,05,乾坤期货,0,0,0,持平,0,0
20260728,菜油,OI2705,05,国泰君安期货,1309,740,569,净多,-56,102
20260728,菜油,OI2705,05,摩根大通期货,0,0,0,持平,0,0
20260728,菜油,OI2705,05,永安期货,0,0,0,持平,0,0
20260728,菜油,OI2705,05,瑞银期货,0,0,0,持平,0,0
20260728,菜油,OI2705,05,高盛期货,0,0,0,持平,0,0
20260729,菜油,OI2609,09,一德期货,9890,5351,4539,净多,-194,-1415
20260729,菜油,OI2609,09,中信期货,26355,12851,13504,净多,271,-51
20260729,菜油,OI2609,09,中粮期货,3840,41850,-38010,净空,-691,-1245
20260729,菜油,OI2609,09,乾坤期货,0,0,0,持平,0,0
20260729,菜油,OI2609,09,国泰君安期货,23588,14023,9565,净多,-417,-921
20260729,菜油,OI2609,09,摩根大通期货,21473,4210,17263,净多,-7759,-566
20260729,菜油,OI2609,09,永安期货,3972,0,3972,净多,-373,0
20260729,菜油,OI2609,09,瑞银期货,8839,0,8839,净多,-925,0
20260729,菜油,OI2609,09,高盛期货,41130,0,41130,净多,-2892,0
20260729,菜油,OI2701,01,一德期货,13131,1508,11623,净多,192,0
20260729,菜油,OI2701,01,中信期货,5660,12211,-6551,净空,-171,429
20260729,菜油,OI2701,01,中粮期货,4042,21606,-17564,净空,-359,-513
20260729,菜油,OI2701,01,乾坤期货,0,0,0,持平,0,0
20260729,菜油,OI2701,01,国泰君安期货,7762,4027,3735,净多,-479,281
20260729,菜油,OI2701,01,摩根大通期货,8014,1450,6564,净多,156,-300
20260729,菜油,OI2701,01,永安期货,1424,0,1424,净多,-6,0
20260729,菜油,OI2701,01,瑞银期货,0,0,0,持平,0,0
20260729,菜油,OI2701,01,高盛期货,5917,0,5917,净多,1135,0
20260729,菜油,OI2705,05,一德期货,0,206,-206,净空,0,4
20260729,菜油,OI2705,05,中信期货,188,0,188,净多,3,0
20260729,菜油,OI2705,05,中粮期货,756,5515,-4759,净空,140,-2
20260729,菜油,OI2705,05,乾坤期货,0,0,0,持平,0,0
20260729,菜油,OI2705,05,国泰君安期货,1315,738,577,净多,6,-2
20260729,菜油,OI2705,05,摩根大通期货,0,0,0,持平,0,0
20260729,菜油,OI2705,05,永安期货,0,0,0,持平,0,0
20260729,菜油,OI2705,05,瑞银期货,0,0,0,持平,0,0
20260729,菜油,OI2705,05,高盛期货,0,0,0,持平,0,0
20260730,菜油,OI2609,09,一德期货,9903,6582,3321,净多,13,1231
20260730,菜油,OI2609,09,中信期货,25620,12363,13257,净多,-735,-488
20260730,菜油,OI2609,09,中粮期货,3667,39971,-36304,净空,-173,-1879
20260730,菜油,OI2609,09,乾坤期货,0,0,0,持平,0,0
20260730,菜油,OI2609,09,国泰君安期货,21179,11619,9560,净多,-2409,-2404
20260730,菜油,OI2609,09,摩根大通期货,18247,0,18247,净多,-3226,0
20260730,菜油,OI2609,09,永安期货,3614,0,3614,净多,-358,0
20260730,菜油,OI2609,09,瑞银期货,7776,0,7776,净多,-1063,0
20260730,菜油,OI2609,09,高盛期货,38049,0,38049,净多,-3081,0
20260730,菜油,OI2701,01,一德期货,11854,1508,10346,净多,-1277,0
20260730,菜油,OI2701,01,中信期货,6656,11983,-5327,净空,996,-228
20260730,菜油,OI2701,01,中粮期货,3674,21370,-17696,净空,-368,-236
20260730,菜油,OI2701,01,乾坤期货,0,0,0,持平,0,0
20260730,菜油,OI2701,01,国泰君安期货,6758,3986,2772,净多,-1004,-41
20260730,菜油,OI2701,01,摩根大通期货,7734,2014,5720,净多,-280,564
20260730,菜油,OI2701,01,永安期货,1378,0,1378,净多,-46,0
20260730,菜油,OI2701,01,瑞银期货,0,0,0,持平,0,0
20260730,菜油,OI2701,01,高盛期货,6814,0,6814,净多,897,0
20260730,菜油,OI2705,05,一德期货,0,266,-266,净空,0,60
20260730,菜油,OI2705,05,中信期货,199,0,199,净多,11,0
20260730,菜油,OI2705,05,中粮期货,916,5518,-4602,净空,160,3
20260730,菜油,OI2705,05,乾坤期货,0,0,0,持平,0,0
20260730,菜油,OI2705,05,国泰君安期货,1390,759,631,净多,75,21
20260730,菜油,OI2705,05,摩根大通期货,0,0,0,持平,0,0
20260730,菜油,OI2705,05,永安期货,0,0,0,持平,0,0
20260730,菜油,OI2705,05,瑞银期货,0,0,0,持平,0,0
20260730,菜油,OI2705,05,高盛期货,0,0,0,持平,0,0
20260731,菜油,OI2609,09,一德期货,9801,6166,3635,净多,-102,-416
20260731,菜油,OI2609,09,中信期货,23995,11417,12578,净多,-1625,-946
20260731,菜油,OI2609,09,中粮期货,3592,37763,-34171,净空,-75,-2208
20260731,菜油,OI2609,09,乾坤期货,0,0,0,持平,0,0
20260731,菜油,OI2609,09,国泰君安期货,20566,10921,9645,净多,-613,-698
20260731,菜油,OI2609,09,摩根大通期货,17062,0,17062,净多,-1185,0
20260731,菜油,OI2609,09,永安期货,3295,0,3295,净多,-319,0
20260731,菜油,OI2609,09,瑞银期货,7766,0,7766,净多,-10,0
20260731,菜油,OI2609,09,高盛期货,32898,0,32898,净多,-5151,0
20260731,菜油,OI2701,01,一德期货,11994,1509,10485,净多,140,1
20260731,菜油,OI2701,01,中信期货,7030,12719,-5689,净空,374,736
20260731,菜油,OI2701,01,中粮期货,4324,21589,-17265,净空,650,219
20260731,菜油,OI2701,01,乾坤期货,0,0,0,持平,0,0
20260731,菜油,OI2701,01,国泰君安期货,6368,3975,2393,净多,-390,-11
20260731,菜油,OI2701,01,摩根大通期货,7647,1385,6262,净多,-87,-629
20260731,菜油,OI2701,01,永安期货,1417,0,1417,净多,39,0
20260731,菜油,OI2701,01,瑞银期货,0,0,0,持平,0,0
20260731,菜油,OI2701,01,高盛期货,7638,0,7638,净多,824,0
20260731,菜油,OI2705,05,一德期货,0,267,-267,净空,0,1
20260731,菜油,OI2705,05,中信期货,197,0,197,净多,-2,0
20260731,菜油,OI2705,05,中粮期货,916,5516,-4600,净空,0,-2
20260731,菜油,OI2705,05,乾坤期货,0,0,0,持平,0,0
20260731,菜油,OI2705,05,国泰君安期货,1385,766,619,净多,-5,7
20260731,菜油,OI2705,05,摩根大通期货,0,0,0,持平,0,0
20260731,菜油,OI2705,05,永安期货,0,0,0,持平,0,0
20260731,菜油,OI2705,05,瑞银期货,0,0,0,持平,0,0
20260731,菜油,OI2705,05,高盛期货,0,0,0,持平,0,0
20260803,菜油,OI2609,09,一德期货,6802,5998,804,净多,-2999,-168
20260803,菜油,OI2609,09,中信期货,22828,10496,12332,净多,-1167,-921
20260803,菜油,OI2609,09,中粮期货,3062,36393,-33331,净空,-530,-1370
20260803,菜油,OI2609,09,乾坤期货,0,0,0,持平,0,0
20260803,菜油,OI2609,09,国泰君安期货,18998,9218,9780,净多,-1568,-1703
20260803,菜油,OI2609,09,摩根大通期货,17818,0,17818,净多,756,0
20260803,菜油,OI2609,09,永安期货,3444,0,3444,净多,149,0
20260803,菜油,OI2609,09,瑞银期货,7039,0,7039,净多,-727,0
20260803,菜油,OI2609,09,高盛期货,27265,0,27265,净多,-5633,0
20260803,菜油,OI2701,01,一德期货,15191,1529,13662,净多,3197,20
20260803,菜油,OI2701,01,中信期货,8522,14221,-5699,净空,1492,1502
20260803,菜油,OI2701,01,中粮期货,5182,22327,-17145,净空,858,738
20260803,菜油,OI2701,01,乾坤期货,0,0,0,持平,0,0
20260803,菜油,OI2701,01,国泰君安期货,5581,4406,1175,净多,-787,431
20260803,菜油,OI2701,01,摩根大通期货,7719,1385,6334,净多,72,0
20260803,菜油,OI2701,01,永安期货,1513,0,1513,净多,96,0
20260803,菜油,OI2701,01,瑞银期货,0,0,0,持平,0,0
20260803,菜油,OI2701,01,高盛期货,11074,0,11074,净多,3436,0
20260803,菜油,OI2705,05,一德期货,0,341,-341,净空,0,74
20260803,菜油,OI2705,05,中信期货,194,0,194,净多,-3,0
20260803,菜油,OI2705,05,中粮期货,1026,5511,-4485,净空,110,-5
20260803,菜油,OI2705,05,乾坤期货,0,0,0,持平,0,0
20260803,菜油,OI2705,05,国泰君安期货,1284,921,363,净多,-101,155
20260803,菜油,OI2705,05,摩根大通期货,0,0,0,持平,0,0
20260803,菜油,OI2705,05,永安期货,0,0,0,持平,0,0
20260803,菜油,OI2705,05,瑞银期货,0,0,0,持平,0,0
20260803,菜油,OI2705,05,高盛期货,0,0,0,持平,0,0
20260804,菜油,OI2609,09,一德期货,3063,4716,-1653,净空,-3739,-1282
20260804,菜油,OI2609,09,中信期货,23646,7231,16415,净多,818,-3265
20260804,菜油,OI2609,09,中粮期货,4094,36211,-32117,净空,1032,-182
20260804,菜油,OI2609,09,乾坤期货,0,0,0,持平,0,0
20260804,菜油,OI2609,09,国泰君安期货,23106,7860,15246,净多,4108,-1358
20260804,菜油,OI2609,09,摩根大通期货,20961,0,20961,净多,3143,0
20260804,菜油,OI2609,09,永安期货,3394,0,3394,净多,-50,0
20260804,菜油,OI2609,09,瑞银期货,6945,0,6945,净多,-94,0
20260804,菜油,OI2609,09,高盛期货,25183,0,25183,净多,-2082,0
20260804,菜油,OI2701,01,一德期货,16438,1523,14915,净多,1247,-6
20260804,菜油,OI2701,01,中信期货,10994,17201,-6207,净空,2472,2980
20260804,菜油,OI2701,01,中粮期货,5455,24172,-18717,净空,273,1845
20260804,菜油,OI2701,01,乾坤期货,0,0,0,持平,0,0
20260804,菜油,OI2701,01,国泰君安期货,5617,4811,806,净多,36,405
20260804,菜油,OI2701,01,摩根大通期货,7973,1377,6596,净多,254,-8
20260804,菜油,OI2701,01,永安期货,1447,0,1447,净多,-66,0
20260804,菜油,OI2701,01,瑞银期货,0,0,0,持平,0,0
20260804,菜油,OI2701,01,高盛期货,13307,0,13307,净多,2233,0
20260804,菜油,OI2705,05,一德期货,0,287,-287,净空,0,-54
20260804,菜油,OI2705,05,中信期货,192,0,192,净多,-2,0
20260804,菜油,OI2705,05,中粮期货,1135,5509,-4374,净空,109,-2
20260804,菜油,OI2705,05,乾坤期货,0,0,0,持平,0,0
20260804,菜油,OI2705,05,国泰君安期货,1386,1054,332,净多,102,133
20260804,菜油,OI2705,05,摩根大通期货,0,0,0,持平,0,0
20260804,菜油,OI2705,05,永安期货,202,0,202,净多,64,0
20260804,菜油,OI2705,05,瑞银期货,0,0,0,持平,0,0
20260804,菜油,OI2705,05,高盛期货,0,0,0,持平,0,0
20260805,菜油,OI2609,09,一德期货,2951,5016,-2065,净空,-112,300
20260805,菜油,OI2609,09,中信期货,22605,7292,15313,净多,-1041,61
20260805,菜油,OI2609,09,中粮期货,4528,34882,-30354,净空,434,-1329
20260805,菜油,OI2609,09,乾坤期货,0,0,0,持平,0,0
20260805,菜油,OI2609,09,国泰君安期货,21770,7816,13954,净多,-1336,-44
20260805,菜油,OI2609,09,摩根大通期货,19896,0,19896,净多,-1065,0
20260805,菜油,OI2609,09,永安期货,3227,0,3227,净多,-167,0
20260805,菜油,OI2609,09,瑞银期货,6952,0,6952,净多,7,0
20260805,菜油,OI2609,09,高盛期货,18549,0,18549,净多,-6634,0
20260805,菜油,OI2701,01,一德期货,16290,1526,14764,净多,-148,3
20260805,菜油,OI2701,01,中信期货,11328,17219,-5891,净空,334,18
20260805,菜油,OI2701,01,中粮期货,5316,24176,-18860,净空,-139,4
20260805,菜油,OI2701,01,乾坤期货,0,0,0,持平,0,0
20260805,菜油,OI2701,01,国泰君安期货,5816,5048,768,净多,199,237
20260805,菜油,OI2701,01,摩根大通期货,8552,2699,5853,净多,579,1322
20260805,菜油,OI2701,01,永安期货,1476,0,1476,净多,29,0
20260805,菜油,OI2701,01,瑞银期货,0,0,0,持平,0,0
20260805,菜油,OI2701,01,高盛期货,17104,0,17104,净多,3797,0
20260805,菜油,OI2705,05,一德期货,0,318,-318,净空,0,31
20260805,菜油,OI2705,05,中信期货,202,0,202,净多,10,0
20260805,菜油,OI2705,05,中粮期货,1235,5509,-4274,净空,100,0
20260805,菜油,OI2705,05,乾坤期货,0,0,0,持平,0,0
20260805,菜油,OI2705,05,国泰君安期货,1403,1239,164,净多,17,185
20260805,菜油,OI2705,05,摩根大通期货,0,0,0,持平,0,0
20260805,菜油,OI2705,05,永安期货,197,0,197,净多,-5,0
20260805,菜油,OI2705,05,瑞银期货,0,0,0,持平,0,0
20260805,菜油,OI2705,05,高盛期货,0,0,0,持平,0,0
20260806,菜油,OI2609,09,一德期货,0,5018,-5018,净空,0,2
20260806,菜油,OI2609,09,中信期货,24298,7148,17150,净多,1693,-144
20260806,菜油,OI2609,09,中粮期货,4245,31921,-27676,净空,-283,-2961
20260806,菜油,OI2609,09,乾坤期货,0,0,0,持平,0,0
20260806,菜油,OI2609,09,国泰君安期货,22919,7739,15180,净多,1149,-77
20260806,菜油,OI2609,09,摩根大通期货,19688,0,19688,净多,-208,0
20260806,菜油,OI2609,09,永安期货,3479,0,3479,净多,252,0
20260806,菜油,OI2609,09,瑞银期货,6648,0,6648,净多,-304,0
20260806,菜油,OI2609,09,高盛期货,9165,0,9165,净多,-9384,0
20260806,菜油,OI2701,01,一德期货,16927,1686,15241,净多,637,160
20260806,菜油,OI2701,01,中信期货,11526,17434,-5908,净空,198,215
20260806,菜油,OI2701,01,中粮期货,4785,24857,-20072,净空,-531,681
20260806,菜油,OI2701,01,乾坤期货,0,0,0,持平,0,0
20260806,菜油,OI2701,01,国泰君安期货,5377,5497,-120,净空,-439,449
20260806,菜油,OI2701,01,摩根大通期货,8796,2117,6679,净多,244,-582
20260806,菜油,OI2701,01,永安期货,1483,0,1483,净多,7,0
20260806,菜油,OI2701,01,瑞银期货,1393,0,1393,净多,263,0
20260806,菜油,OI2701,01,高盛期货,25531,0,25531,净多,8427,0
20260806,菜油,OI2705,05,一德期货,0,338,-338,净空,0,20
20260806,菜油,OI2705,05,中信期货,200,0,200,净多,-2,0
20260806,菜油,OI2705,05,中粮期货,1436,5509,-4073,净空,201,0
20260806,菜油,OI2705,05,乾坤期货,0,0,0,持平,0,0
20260806,菜油,OI2705,05,国泰君安期货,1397,1263,134,净多,-6,24
20260806,菜油,OI2705,05,摩根大通期货,0,0,0,持平,0,0
20260806,菜油,OI2705,05,永安期货,196,0,196,净多,-1,0
20260806,菜油,OI2705,05,瑞银期货,0,0,0,持平,0,0
20260806,菜油,OI2705,05,高盛期货,0,0,0,持平,0,0
20260807,菜油,OI2609,09,一德期货,0,4586,-4586,净空,0,-432
20260807,菜油,OI2609,09,中信期货,23835,7263,16572,净多,-463,115
20260807,菜油,OI2609,09,中粮期货,3146,30700,-27554,净空,-1099,-1221
20260807,菜油,OI2609,09,乾坤期货,0,0,0,持平,0,0
20260807,菜油,OI2609,09,国泰君安期货,23237,7433,15804,净多,318,-306
20260807,菜油,OI2609,09,摩根大通期货,16988,0,16988,净多,-2700,0
20260807,菜油,OI2609,09,永安期货,4003,0,4003,净多,524,0
20260807,菜油,OI2609,09,瑞银期货,6576,0,6576,净多,-72,0
20260807,菜油,OI2609,09,高盛期货,7941,0,7941,净多,-1224,0
20260807,菜油,OI2701,01,一德期货,16593,1686,14907,净多,-334,0
20260807,菜油,OI2701,01,中信期货,11830,17641,-5811,净空,304,207
20260807,菜油,OI2701,01,中粮期货,5269,25212,-19943,净空,484,355
20260807,菜油,OI2701,01,乾坤期货,0,0,0,持平,0,0
20260807,菜油,OI2701,01,国泰君安期货,5485,6514,-1029,净空,108,1017
20260807,菜油,OI2701,01,摩根大通期货,11878,1667,10211,净多,3082,-450
20260807,菜油,OI2701,01,永安期货,1425,0,1425,净多,-58,0
20260807,菜油,OI2701,01,瑞银期货,1406,0,1406,净多,13,0
20260807,菜油,OI2701,01,高盛期货,29339,0,29339,净多,3808,0
20260807,菜油,OI2705,05,一德期货,0,338,-338,净空,0,0
20260807,菜油,OI2705,05,中信期货,0,0,0,持平,0,0
20260807,菜油,OI2705,05,中粮期货,1618,5509,-3891,净空,182,0
20260807,菜油,OI2705,05,乾坤期货,0,0,0,持平,0,0
20260807,菜油,OI2705,05,国泰君安期货,1337,1367,-30,净空,-60,104
20260807,菜油,OI2705,05,摩根大通期货,0,0,0,持平,0,0
20260807,菜油,OI2705,05,永安期货,221,0,221,净多,25,0
20260807,菜油,OI2705,05,瑞银期货,0,0,0,持平,0,0
20260807,菜油,OI2705,05,高盛期货,0,0,0,持平,0,0
20260810,菜油,OI2609,09,一德期货,0,4560,-4560,净空,0,-26
20260810,菜油,OI2609,09,中信期货,22782,7011,15771,净多,-1053,-252
20260810,菜油,OI2609,09,中粮期货,2623,29454,-26831,净空,-523,-1246
20260810,菜油,OI2609,09,乾坤期货,0,0,0,持平,0,0
20260810,菜油,OI2609,09,国泰君安期货,22993,7255,15738,净多,-244,-178
20260810,菜油,OI2609,09,摩根大通期货,9872,2373,7499,净多,-7116,617
20260810,菜油,OI2609,09,永安期货,4428,0,4428,净多,425,0
20260810,菜油,OI2609,09,瑞银期货,2490,0,2490,净多,-4086,0
20260810,菜油,OI2609,09,高盛期货,5569,0,5569,净多,-2372,0
20260810,菜油,OI2701,01,一德期货,16876,1570,15306,净多,283,-116
20260810,菜油,OI2701,01,中信期货,11993,18491,-6498,净空,163,850
20260810,菜油,OI2701,01,中粮期货,5239,26165,-20926,净空,-30,953
20260810,菜油,OI2701,01,乾坤期货,0,0,0,持平,0,0
20260810,菜油,OI2701,01,国泰君安期货,7069,8160,-1091,净空,1584,1646
20260810,菜油,OI2701,01,摩根大通期货,19002,0,19002,净多,7124,0
20260810,菜油,OI2701,01,永安期货,1334,0,1334,净多,-91,0
20260810,菜油,OI2701,01,瑞银期货,5665,0,5665,净多,4259,0
20260810,菜油,OI2701,01,高盛期货,30636,0,30636,净多,1297,0
20260810,菜油,OI2705,05,一德期货,0,338,-338,净空,0,0
20260810,菜油,OI2705,05,中信期货,0,0,0,持平,0,0
20260810,菜油,OI2705,05,中粮期货,1645,5509,-3864,净空,27,0
20260810,菜油,OI2705,05,乾坤期货,0,0,0,持平,0,0
20260810,菜油,OI2705,05,国泰君安期货,1272,1281,-9,净空,-65,-86
20260810,菜油,OI2705,05,摩根大通期货,0,0,0,持平,0,0
20260810,菜油,OI2705,05,永安期货,232,0,232,净多,11,0
20260810,菜油,OI2705,05,瑞银期货,0,0,0,持平,0,0
20260810,菜油,OI2705,05,高盛期货,0,0,0,持平,0,0
20260811,菜油,OI2609,09,一德期货,2369,4204,-1835,净空,1134,-356
20260811,菜油,OI2609,09,中信期货,20578,5055,15523,净多,-2204,-1956
20260811,菜油,OI2609,09,中粮期货,6221,27553,-21332,净空,3598,-1901
20260811,菜油,OI2609,09,乾坤期货,0,0,0,持平,0,0
20260811,菜油,OI2609,09,国泰君安期货,20975,6356,14619,净多,-2018,-899
20260811,菜油,OI2609,09,摩根大通期货,7505,2455,5050,净多,-2367,82
20260811,菜油,OI2609,09,永安期货,4372,0,4372,净多,-56,0
20260811,菜油,OI2609,09,瑞银期货,2458,0,2458,净多,-32,0
20260811,菜油,OI2609,09,高盛期货,4989,0,4989,净多,-580,0
20260811,菜油,OI2701,01,一德期货,18218,2131,16087,净多,1342,561
20260811,菜油,OI2701,01,中信期货,13260,19025,-5765,净空,1267,534
20260811,菜油,OI2701,01,中粮期货,5280,30810,-25530,净空,41,4645
20260811,菜油,OI2701,01,乾坤期货,0,0,0,持平,0,0
20260811,菜油,OI2701,01,国泰君安期货,9493,8672,821,净多,2424,512
20260811,菜油,OI2701,01,摩根大通期货,24081,0,24081,净多,5079,0
20260811,菜油,OI2701,01,永安期货,0,1865,-1865,净空,0,778
20260811,菜油,OI2701,01,瑞银期货,6922,0,6922,净多,1257,0
20260811,菜油,OI2701,01,高盛期货,29481,0,29481,净多,-1155,0
20260811,菜油,OI2705,05,一德期货,0,338,-338,净空,0,0
20260811,菜油,OI2705,05,中信期货,0,0,0,持平,0,0
20260811,菜油,OI2705,05,中粮期货,1796,5509,-3713,净空,151,0
20260811,菜油,OI2705,05,乾坤期货,0,0,0,持平,0,0
20260811,菜油,OI2705,05,国泰君安期货,1583,1219,364,净多,311,-62
20260811,菜油,OI2705,05,摩根大通期货,0,0,0,持平,0,0
20260811,菜油,OI2705,05,永安期货,328,0,328,净多,96,0
20260811,菜油,OI2705,05,瑞银期货,0,0,0,持平,0,0
20260811,菜油,OI2705,05,高盛期货,0,0,0,持平,0,0
20260812,菜油,OI2609,09,一德期货,2463,2828,-365,净空,94,-1376
20260812,菜油,OI2609,09,中信期货,15676,4462,11214,净多,-4902,-593
20260812,菜油,OI2609,09,中粮期货,8692,25495,-16803,净空,2471,-2058
20260812,菜油,OI2609,09,乾坤期货,0,0,0,持平,0,0
20260812,菜油,OI2609,09,国泰君安期货,17804,4943,12861,净多,-3171,-1413
20260812,菜油,OI2609,09,摩根大通期货,3003,2705,298,净多,-4502,250
20260812,菜油,OI2609,09,永安期货,4051,0,4051,净多,-321,0
20260812,菜油,OI2609,09,瑞银期货,2057,0,2057,净多,-401,0
20260812,菜油,OI2609,09,高盛期货,2637,0,2637,净多,-2352,0
20260812,菜油,OI2701,01,一德期货,18474,2830,15644,净多,256,699
20260812,菜油,OI2701,01,中信期货,14066,19140,-5074,净空,806,115
20260812,菜油,OI2701,01,中粮期货,6528,34104,-27576,净空,1248,3294
20260812,菜油,OI2701,01,乾坤期货,0,0,0,持平,0,0
20260812,菜油,OI2701,01,国泰君安期货,11314,9192,2122,净多,1821,520
20260812,菜油,OI2701,01,摩根大通期货,28531,0,28531,净多,4450,0
20260812,菜油,OI2701,01,永安期货,0,2632,-2632,净空,0,767
20260812,菜油,OI2701,01,瑞银期货,7320,0,7320,净多,398,0
20260812,菜油,OI2701,01,高盛期货,30860,0,30860,净多,1379,0
20260812,菜油,OI2705,05,一德期货,0,338,-338,净空,0,0
20260812,菜油,OI2705,05,中信期货,0,0,0,持平,0,0
20260812,菜油,OI2705,05,中粮期货,1820,5509,-3689,净空,24,0
20260812,菜油,OI2705,05,乾坤期货,0,0,0,持平,0,0
20260812,菜油,OI2705,05,国泰君安期货,1599,1181,418,净多,16,-38
20260812,菜油,OI2705,05,摩根大通期货,0,0,0,持平,0,0
20260812,菜油,OI2705,05,永安期货,265,0,265,净多,-63,0
20260812,菜油,OI2705,05,瑞银期货,0,0,0,持平,0,0
20260812,菜油,OI2705,05,高盛期货,0,164,-164,净空,0,29
20260813,菜油,OI2609,09,一德期货,2232,3376,-1144,净空,-231,548
20260813,菜油,OI2609,09,中信期货,12887,2562,10325,净多,-2789,-1900
20260813,菜油,OI2609,09,中粮期货,9274,23680,-14406,净空,582,-1815
20260813,菜油,OI2609,09,乾坤期货,0,0,0,持平,0,0
20260813,菜油,OI2609,09,国泰君安期货,16983,4129,12854,净多,-821,-814
20260813,菜油,OI2609,09,摩根大通期货,4526,2500,2026,净多,1523,-205
20260813,菜油,OI2609,09,永安期货,4080,0,4080,净多,29,0
20260813,菜油,OI2609,09,瑞银期货,0,0,0,持平,0,0
20260813,菜油,OI2609,09,高盛期货,0,0,0,持平,0,0
20260813,菜油,OI2701,01,一德期货,18831,2832,15999,净多,357,2
20260813,菜油,OI2701,01,中信期货,14604,20828,-6224,净空,538,1688
20260813,菜油,OI2701,01,中粮期货,7670,36174,-28504,净空,1142,2070
20260813,菜油,OI2701,01,乾坤期货,0,0,0,持平,0,0
20260813,菜油,OI2701,01,国泰君安期货,13204,10284,2920,净多,1890,1092
20260813,菜油,OI2701,01,摩根大通期货,29312,0,29312,净多,781,0
20260813,菜油,OI2701,01,永安期货,0,3273,-3273,净空,0,641
20260813,菜油,OI2701,01,瑞银期货,9416,0,9416,净多,2096,0
20260813,菜油,OI2701,01,高盛期货,33231,0,33231,净多,2371,0
20260813,菜油,OI2705,05,一德期货,0,343,-343,净空,0,5
20260813,菜油,OI2705,05,中信期货,0,0,0,持平,0,0
20260813,菜油,OI2705,05,中粮期货,1820,5511,-3691,净空,0,2
20260813,菜油,OI2705,05,乾坤期货,0,0,0,持平,0,0
20260813,菜油,OI2705,05,国泰君安期货,1597,1167,430,净多,-2,-14
20260813,菜油,OI2705,05,摩根大通期货,0,0,0,持平,0,0
20260813,菜油,OI2705,05,永安期货,237,0,237,净多,-28,0
20260813,菜油,OI2705,05,瑞银期货,0,0,0,持平,0,0
20260813,菜油,OI2705,05,高盛期货,0,172,-172,净空,0,8
20260814,菜油,OI2609,09,一德期货,0,2546,-2546,净空,0,-830
20260814,菜油,OI2609,09,中信期货,13790,2223,11567,净多,903,-339
20260814,菜油,OI2609,09,中粮期货,7822,20952,-13130,净空,-1452,-2728
20260814,菜油,OI2609,09,乾坤期货,0,0,0,持平,0,0
20260814,菜油,OI2609,09,国泰君安期货,15283,2856,12427,净多,-1700,-1273
20260814,菜油,OI2609,09,摩根大通期货,3599,0,3599,净多,-927,0
20260814,菜油,OI2609,09,永安期货,4194,0,4194,净多,114,0
20260814,菜油,OI2609,09,瑞银期货,0,0,0,持平,0,0
20260814,菜油,OI2609,09,高盛期货,0,0,0,持平,0,0
20260814,菜油,OI2701,01,一德期货,21653,2969,18684,净多,2822,137
20260814,菜油,OI2701,01,中信期货,16042,24791,-8749,净空,1438,3963
20260814,菜油,OI2701,01,中粮期货,7665,41364,-33699,净空,-5,5190
20260814,菜油,OI2701,01,乾坤期货,0,0,0,持平,0,0
20260814,菜油,OI2701,01,国泰君安期货,17169,11813,5356,净多,3965,1529
20260814,菜油,OI2701,01,摩根大通期货,30073,0,30073,净多,761,0
20260814,菜油,OI2701,01,永安期货,0,4285,-4285,净空,0,1012
20260814,菜油,OI2701,01,瑞银期货,9704,0,9704,净多,288,0
20260814,菜油,OI2701,01,高盛期货,36302,0,36302,净多,3071,0
20260814,菜油,OI2705,05,一德期货,0,338,-338,净空,0,-5
20260814,菜油,OI2705,05,中信期货,0,0,0,持平,0,0
20260814,菜油,OI2705,05,中粮期货,1736,5515,-3779,净空,-84,4
20260814,菜油,OI2705,05,乾坤期货,0,0,0,持平,0,0
20260814,菜油,OI2705,05,国泰君安期货,1962,1144,818,净多,365,-23
20260814,菜油,OI2705,05,摩根大通期货,0,0,0,持平,0,0
20260814,菜油,OI2705,05,永安期货,0,0,0,持平,0,0
20260814,菜油,OI2705,05,瑞银期货,0,0,0,持平,0,0
20260814,菜油,OI2705,05,高盛期货,319,285,34,净多,161,113
20260817,菜油,OI2609,09,一德期货,0,1627,-1627,净空,0,-919
20260817,菜油,OI2609,09,中信期货,10969,1608,9361,净多,-2821,-615
20260817,菜油,OI2609,09,中粮期货,7292,19499,-12207,净空,-530,-1453
20260817,菜油,OI2609,09,乾坤期货,0,0,0,持平,0,0
20260817,菜油,OI2609,09,国泰君安期货,12826,2421,10405,净多,-2457,-435
20260817,菜油,OI2609,09,摩根大通期货,1934,0,1934,净多,-1665,0
20260817,菜油,OI2609,09,永安期货,3709,0,3709,净多,-485,0
20260817,菜油,OI2609,09,瑞银期货,0,0,0,持平,0,0
20260817,菜油,OI2609,09,高盛期货,0,0,0,持平,0,0
20260817,菜油,OI2701,01,一德期货,20767,2980,17787,净多,-886,11
20260817,菜油,OI2701,01,中信期货,16105,24836,-8731,净空,63,45
20260817,菜油,OI2701,01,中粮期货,7562,42685,-35123,净空,-103,1321
20260817,菜油,OI2701,01,乾坤期货,0,0,0,持平,0,0
20260817,菜油,OI2701,01,国泰君安期货,17999,12361,5638,净多,830,548
20260817,菜油,OI2701,01,摩根大通期货,31359,0,31359,净多,1286,0
20260817,菜油,OI2701,01,永安期货,0,4886,-4886,净空,0,601
20260817,菜油,OI2701,01,瑞银期货,9833,0,9833,净多,129,0
20260817,菜油,OI2701,01,高盛期货,37378,0,37378,净多,1076,0
20260817,菜油,OI2705,05,一德期货,0,338,-338,净空,0,0
20260817,菜油,OI2705,05,中信期货,0,0,0,持平,0,0
20260817,菜油,OI2705,05,中粮期货,1778,5515,-3737,净空,42,0
20260817,菜油,OI2705,05,乾坤期货,0,0,0,持平,0,0
20260817,菜油,OI2705,05,国泰君安期货,2447,1183,1264,净多,485,39
20260817,菜油,OI2705,05,摩根大通期货,0,0,0,持平,0,0
20260817,菜油,OI2705,05,永安期货,0,0,0,持平,0,0
20260817,菜油,OI2705,05,瑞银期货,224,0,224,净多,0,0
20260817,菜油,OI2705,05,高盛期货,334,366,-32,净空,15,81
20260818,菜油,OI2609,09,一德期货,1177,1385,-208,净空,363,-242
20260818,菜油,OI2609,09,中信期货,9101,1445,7656,净多,-1868,-163
20260818,菜油,OI2609,09,中粮期货,7098,12235,-5137,净空,-194,-7264
20260818,菜油,OI2609,09,乾坤期货,0,0,0,持平,0,0
20260818,菜油,OI2609,09,国泰君安期货,10413,2299,8114,净多,-2413,-122
20260818,菜油,OI2609,09,摩根大通期货,2165,0,2165,净多,231,0
20260818,菜油,OI2609,09,永安期货,3288,0,3288,净多,-421,0
20260818,菜油,OI2609,09,瑞银期货,0,0,0,持平,0,0
20260818,菜油,OI2609,09,高盛期货,0,0,0,持平,0,0
20260818,菜油,OI2701,01,一德期货,20606,3035,17571,净多,-161,55
20260818,菜油,OI2701,01,中信期货,17356,25153,-7797,净空,1251,317
20260818,菜油,OI2701,01,中粮期货,8148,48027,-39879,净空,586,5342
20260818,菜油,OI2701,01,乾坤期货,0,0,0,持平,0,0
20260818,菜油,OI2701,01,国泰君安期货,20318,14362,5956,净多,2319,2001
20260818,菜油,OI2701,01,摩根大通期货,31572,0,31572,净多,213,0
20260818,菜油,OI2701,01,永安期货,0,4972,-4972,净空,0,86
20260818,菜油,OI2701,01,瑞银期货,10077,0,10077,净多,244,0
20260818,菜油,OI2701,01,高盛期货,38282,0,38282,净多,904,0
20260818,菜油,OI2705,05,一德期货,0,341,-341,净空,0,3
20260818,菜油,OI2705,05,中信期货,313,0,313,净多,100,0
20260818,菜油,OI2705,05,中粮期货,1476,5515,-4039,净空,-302,0
20260818,菜油,OI2705,05,乾坤期货,0,0,0,持平,0,0
20260818,菜油,OI2705,05,国泰君安期货,2517,1231,1286,净多,70,48
20260818,菜油,OI2705,05,摩根大通期货,0,0,0,持平,0,0
20260818,菜油,OI2705,05,永安期货,0,0,0,持平,0,0
20260818,菜油,OI2705,05,瑞银期货,0,0,0,持平,0,0
20260818,菜油,OI2705,05,高盛期货,365,368,-3,净空,31,2
20260819,菜油,OI2609,09,一德期货,1334,0,1334,净多,157,0
20260819,菜油,OI2609,09,中信期货,4290,1036,3254,净多,-4811,-409
20260819,菜油,OI2609,09,中粮期货,10102,8689,1413,净多,3004,-3546
20260819,菜油,OI2609,09,乾坤期货,0,0,0,持平,0,0
20260819,菜油,OI2609,09,国泰君安期货,6872,1567,5305,净多,-3541,-732
20260819,菜油,OI2609,09,摩根大通期货,2741,0,2741,净多,576,0
20260819,菜油,OI2609,09,永安期货,2691,0,2691,净多,-597,0
20260819,菜油,OI2609,09,瑞银期货,0,0,0,持平,0,0
20260819,菜油,OI2609,09,高盛期货,0,0,0,持平,0,0
20260819,菜油,OI2701,01,一德期货,19845,3025,16820,净多,-761,-10
20260819,菜油,OI2701,01,中信期货,16866,25131,-8265,净空,-490,-22
20260819,菜油,OI2701,01,中粮期货,8079,52947,-44868,净空,-69,4920
20260819,菜油,OI2701,01,乾坤期货,0,0,0,持平,0,0
20260819,菜油,OI2701,01,国泰君安期货,23532,12883,10649,净多,3214,-1479
20260819,菜油,OI2701,01,摩根大通期货,32035,0,32035,净多,463,0
20260819,菜油,OI2701,01,永安期货,0,5556,-5556,净空,0,584
20260819,菜油,OI2701,01,瑞银期货,10598,0,10598,净多,521,0
20260819,菜油,OI2701,01,高盛期货,39722,0,39722,净多,1440,0
20260819,菜油,OI2705,05,一德期货,0,236,-236,净空,0,-105
20260819,菜油,OI2705,05,中信期货,310,0,310,净多,-3,0
20260819,菜油,OI2705,05,中粮期货,1498,5517,-4019,净空,22,2
20260819,菜油,OI2705,05,乾坤期货,0,0,0,持平,0,0
20260819,菜油,OI2705,05,国泰君安期货,2547,1407,1140,净多,30,176
20260819,菜油,OI2705,05,摩根大通期货,0,0,0,持平,0,0
20260819,菜油,OI2705,05,永安期货,0,0,0,持平,0,0
20260819,菜油,OI2705,05,瑞银期货,267,0,267,净多,25,0
20260819,菜油,OI2705,05,高盛期货,407,335,72,净多,42,-33
20260820,菜油,OI2609,09,一德期货,1261,677,584,净多,-73,-6
20260820,菜油,OI2609,09,中信期货,3326,695,2631,净多,-964,-341
20260820,菜油,OI2609,09,中粮期货,8489,5151,3338,净多,-1613,-3538
20260820,菜油,OI2609,09,乾坤期货,0,0,0,持平,0,0
20260820,菜油,OI2609,09,国泰君安期货,6022,1373,4649,净多,-850,-194
20260820,菜油,OI2609,09,摩根大通期货,1911,0,1911,净多,-830,0
20260820,菜油,OI2609,09,永安期货,2306,0,2306,净多,-385,0
20260820,菜油,OI2609,09,瑞银期货,0,0,0,持平,0,0
20260820,菜油,OI2609,09,高盛期货,0,0,0,持平,0,0
20260820,菜油,OI2701,01,一德期货,21079,3089,17990,净多,1234,64
20260820,菜油,OI2701,01,中信期货,18469,28254,-9785,净空,1603,3123
20260820,菜油,OI2701,01,中粮期货,10379,53449,-43070,净空,2300,502
20260820,菜油,OI2701,01,乾坤期货,0,0,0,持平,0,0
20260820,菜油,OI2701,01,国泰君安期货,23776,14734,9042,净多,244,1851
20260820,菜油,OI2701,01,摩根大通期货,31678,0,31678,净多,-357,0
20260820,菜油,OI2701,01,永安期货,3674,5955,-2281,净空,1464,399
20260820,菜油,OI2701,01,瑞银期货,10101,0,10101,净多,-497,0
20260820,菜油,OI2701,01,高盛期货,39934,0,39934,净多,212,0
20260820,菜油,OI2705,05,一德期货,0,236,-236,净空,0,0
20260820,菜油,OI2705,05,中信期货,342,0,342,净多,32,0
20260820,菜油,OI2705,05,中粮期货,1488,5517,-4029,净空,-10,0
20260820,菜油,OI2705,05,乾坤期货,0,0,0,持平,0,0
20260820,菜油,OI2705,05,国泰君安期货,2682,1417,1265,净多,135,10
20260820,菜油,OI2705,05,摩根大通期货,0,0,0,持平,0,0
20260820,菜油,OI2705,05,永安期货,0,0,0,持平,0,0
20260820,菜油,OI2705,05,瑞银期货,0,0,0,持平,0,0
20260820,菜油,OI2705,05,高盛期货,470,312,158,净多,63,-23
